start,end,facility_id,child_id,sex,dob,age_months,measles1_today,vitA_today,caregiver_phone,gps
2025-10-01T10:23:38,2025-11-11T09:12:38,FAC-046,CH929Q4X8R,male,2025-01-17,11,yes,no,+2255136255581,8.780021 -8.039039 216 5
2025-12-11T19:08:38,2025-10-05T06:31:38,FAC-017,CHTYJDCF8U,male,2025-03-20,8,no,yes,+2256224364735,10.67518 -5.990732 0 5
2025-09-06T05:18:38,2025-11-04T06:33:38,FAC-030,CHFW5CO7PC,female,2024-03-25,20,no,yes,+2251066488682,5.935641 -5.83071 354 11
2025-09-01T11:49:38,2025-08-16T11:20:38,FAC-003,CHA5O2NYTD,female,2024-03-10,21,no,yes,+2256170887821,10.752266 -3.974389 53 4
2025-08-18T21:26:38,2025-08-02T13:30:38,FAC-040,CHZPGY9MFE,female,2024-01-15,23,no,no,+2259951583755,7.763389 -4.684272 480 15
2025-11-22T14:18:38,2025-12-11T12:56:38,FAC-010,CH2OA1VXPB,female,2025-01-07,11,no,no,+2250952999243,6.028802 -3.624937 326 14
2025-09-14T20:08:38,2025-10-28T02:42:38,FAC-014,CHSLCW2X9X,female,2023-12-09,24,no,yes,+2251528079630,7.341259 -7.961442 116 13
2025-10-16T22:09:38,2025-09-27T21:15:38,FAC-005,CHIOR6165J,female,2025-03-17,9,yes,yes,+2256221184188,9.64235 -6.401199 87 6
2025-11-24T00:30:38,2025-11-06T19:56:38,FAC-033,CHWS477R6M,female,2024-11-10,13,yes,no,+2255245020065,8.184663 -6.42043 206 10
2025-08-03T09:41:38,2025-08-23T04:36:38,FAC-048,CHOKFWE7Q8,male,2024-05-01,19,no,yes,+2258190476982,9.66571 -3.281681 303 5
2025-11-15T09:44:38,2025-11-12T15:10:38,FAC-008,CH6E2CNUZM,male,2025-05-13,7,no,no,+2252381690806,9.63366 -4.903435 198 13
2025-12-05T13:50:38,2025-11-25T08:51:38,FAC-033,CHOTA7BCSM,female,2024-08-28,15,yes,no,+2255650941842,5.70226 -6.28942 356 4
2025-10-01T10:36:38,2025-08-17T08:07:38,FAC-042,CH32HUU7V3,female,2025-05-14,7,yes,no,+2257651425444,9.910306 -5.82345 296 5
2025-10-14T13:07:38,2025-10-16T10:47:38,FAC-009,CHFD1OUWPY,male,2025-11-18,0,no,no,+2259111496386,9.943207 -6.548244 138 10
2025-11-18T16:33:38,2025-08-09T08:02:38,FAC-020,CHPDGK16I9,male,2025-02-23,9,yes,yes,+2259527902998,8.500001 -4.864943 364 4
2025-12-10T06:57:38,2025-11-29T09:51:38,FAC-023,CHTGO4SMAO,female,2024-10-27,13,yes,yes,+2258699154839,10.475197 -3.216631 90 4
2025-12-04T23:44:38,2025-09-18T19:32:38,FAC-005,CHHUVZBY24,female,2024-12-15,12,no,yes,+2251763034002,8.014575 -3.779028 428 13
2025-08-28T22:54:38,2025-10-31T02:00:38,FAC-049,CHVMXLIXWV,male,2025-04-26,7,yes,yes,+2250487622252,9.773244 -6.019563 118 9
2025-10-21T23:13:38,2025-08-01T02:43:38,FAC-033,CH0ICP6WOV,female,2024-01-10,23,no,no,+2252761932512,7.991836 -7.449379 162 15
2025-11-08T03:22:38,2025-08-25T19:15:38,FAC-017,CH1PJHXF53,male,2024-09-21,14,no,yes,+2257734575184,8.279836 -4.860263 436 11
2025-10-05T21:14:38,2025-10-03T12:40:38,FAC-021,CH5SHMTMZC,female,2025-03-13,9,no,no,+2258604263159,6.446409 -7.876012 6 14
2025-11-19T19:39:38,2025-07-28T18:08:38,FAC-002,CHTXPB0WVL,male,2024-08-29,15,no,no,+2255732124253,5.63941 -5.359012 463 4
2025-11-06T15:40:38,2025-11-17T20:54:38,FAC-010,CHSXIZ2N7Y,female,2024-08-05,16,yes,yes,+2256274521859,7.899136 -7.689849 225 14
2025-11-26T23:08:38,2025-11-10T08:16:38,FAC-025,CHK3GCGFE3,female,2025-03-04,9,yes,no,+2256009336254,7.062185 -6.094981 424 15
2025-12-04T22:22:38,2025-11-05T20:01:38,FAC-043,CHZW7KTTAQ,female,2024-03-16,21,no,yes,+2254613493819,5.867512 -5.112485 139 10
2025-10-16T03:50:38,2025-08-22T07:52:38,FAC-060,CHCRCDI348,male,2024-11-28,12,no,yes,+2258085142343,10.055555 -5.135408 271 13
2025-11-04T11:57:38,2025-08-15T04:03:38,FAC-006,CHLTLG8OYP,female,2024-11-08,13,yes,yes,+2254233961581,6.86579 -3.17988 299 14
2025-08-23T07:06:38,2025-08-19T16:52:38,FAC-011,CHMVDIBENE,female,2023-12-31,23,no,no,+2251857968550,10.728176 -5.334054 226 10
2025-09-11T00:47:38,2025-09-03T20:13:38,FAC-025,CH4O6OR8Z3,female,2025-08-06,4,yes,yes,+2251852948768,8.029659 -6.547409 302 6
2025-11-30T05:47:38,2025-07-31T11:22:38,FAC-031,CHQ1QQBZH3,female,2024-01-14,23,yes,yes,+2254571982942,8.817058 -4.152547 65 6
2025-11-09T00:59:38,2025-12-13T04:43:38,FAC-001,CHT8EIC3DV,female,2025-07-17,4,yes,no,+2255984521736,5.215402 -7.156784 45 10
2025-08-15T00:19:38,2025-08-06T06:09:38,FAC-004,CHIKFOQEW7,female,2024-04-12,20,no,yes,+2251241024116,6.99963 -6.072816 326 9
2025-11-25T04:17:38,2025-09-28T01:50:38,FAC-046,CH0EDFCXIU,female,2025-06-02,6,yes,yes,+2257454446226,10.001092 -4.472173 374 5
2025-09-07T14:50:38,2025-10-18T02:18:38,FAC-028,CHY2TBUV5S,female,2025-02-02,10,yes,yes,+2257939001443,6.038146 -8.04965 266 14
2025-09-08T20:25:38,2025-09-11T11:22:38,FAC-018,CHQJEQ5IBV,male,2025-09-14,3,no,yes,+2258077587985,10.349953 -7.861513 338 15
2025-10-16T19:12:38,2025-08-11T12:05:38,FAC-050,CHK6RLVO5H,male,2025-11-19,0,no,yes,+2255110448661,9.310174 -6.143567 234 10
2025-10-13T03:18:38,2025-08-08T23:56:38,FAC-020,CHRC6SJCFP,male,2025-07-21,4,yes,no,+2258285361843,7.45456 -5.804664 456 5
2025-11-03T06:30:38,2025-08-27T08:30:38,FAC-042,CH97DCBUYR,female,2024-05-17,19,no,yes,+2257886014555,8.074735 -7.072764 421 7
2025-11-29T18:57:38,2025-11-17T21:19:38,FAC-051,CH244Q9VUH,female,2025-11-12,1,yes,yes,+2252207110328,8.524312 -3.554539 411 7
2025-11-24T08:13:38,2025-11-07T18:19:38,FAC-024,CH1OT0KYZ6,female,2023-12-27,23,yes,yes,+2255237829027,8.527531 -5.727568 321 13
2025-09-16T02:50:38,2025-09-09T01:12:38,FAC-054,CH7AXFW0FG,female,2025-11-15,0,no,no,+2259336421089,10.000772 -5.114283 168 3
2025-10-11T15:02:38,2025-11-18T03:40:38,FAC-011,CHNUX3F7FK,male,2024-01-27,22,yes,yes,+2259745488011,6.794116 -6.181321 39 13
2025-08-05T23:50:38,2025-09-30T01:27:38,FAC-031,CH0T0ZK6S7,female,2025-02-12,10,no,yes,+2250986339004,6.133805 -3.134325 322 3
2025-09-12T13:25:38,2025-12-04T23:52:38,FAC-034,CHEUF6UBJ1,female,2024-04-10,20,no,no,+2258513144049,8.626882 -5.791352 301 5
2025-10-25T20:37:38,2025-12-01T00:09:38,FAC-055,CHXWKACHJU,male,2025-11-18,0,yes,no,+2259721135570,7.360415 -6.090554 209 6
2025-10-13T22:43:38,2025-10-04T13:27:38,FAC-007,CHTUM1ZOJK,male,2025-12-02,0,yes,no,+2255603005924,7.45422 -6.479177 235 11
2025-09-29T06:37:38,2025-09-03T08:03:38,FAC-031,CH3PDZTRPW,female,2025-02-04,10,yes,yes,+2259568142683,6.896874 -6.150099 266 4
2025-10-31T21:31:38,2025-09-07T20:16:38,FAC-060,CHFKOH2USY,female,2025-04-22,7,yes,no,+2252506790988,5.231532 -4.725611 431 4
2025-12-10T17:27:38,2025-08-02T08:10:38,FAC-058,CHUYSLZ6JO,male,2023-12-22,24,yes,yes,+2253685712197,9.947245 -6.082997 189 4
2025-09-01T11:31:38,2025-10-31T09:16:38,FAC-004,CHEFBBK3W9,male,2023-12-03,24,yes,yes,+2256676430182,9.742246 -3.646892 116 10
2025-09-30T19:22:38,2025-12-13T10:03:38,FAC-057,CHNQ49ROFE,female,2024-05-07,19,no,yes,+2252865227614,6.511665 -3.684752 247 8
2025-10-28T18:29:38,2025-10-16T13:49:38,FAC-060,CHQPJJEEHT,female,2025-09-09,3,no,no,+2253261440370,7.841818 -3.798003 84 15
2025-09-23T00:29:38,2025-09-18T01:06:38,FAC-025,CH9ZWNV859,female,2025-01-26,10,yes,no,+2253343723237,6.562839 -4.940319 206 4
2025-11-13T16:46:38,2025-08-01T17:22:38,FAC-044,CHFS4PCGXH,male,2024-08-27,15,yes,yes,+2257220205153,7.103365 -4.425232 7 12
2025-10-16T13:59:38,2025-11-30T02:51:38,FAC-045,CHPK6JMD04,female,2025-05-18,6,no,yes,+2254341391973,7.142253 -4.328316 13 12
2025-11-20T10:42:38,2025-11-03T07:54:38,FAC-039,CHJ6V8GA8N,male,2024-11-29,12,yes,no,+2252500302662,5.67102 -4.20399 429 10
2025-11-10T05:17:38,2025-08-09T19:15:38,FAC-035,CH1C2CDCPF,male,2024-04-30,19,no,no,+2255726964024,6.601586 -3.716006 299 9
2025-08-13T14:16:38,2025-08-13T19:54:38,FAC-044,CHQDXQE61R,male,2024-05-12,19,no,yes,+2255166322806,7.789928 -5.212922 350 10
2025-08-15T06:05:38,2025-08-28T19:52:38,FAC-018,CHG28R4KMJ,male,2024-10-03,14,yes,no,+2259268395654,8.0581 -5.479308 181 6
2025-12-12T03:20:38,2025-11-22T15:40:38,FAC-052,CH0EDVGA4N,male,2025-10-08,2,no,yes,+2251261810076,10.386998 -3.161223 107 8
2025-12-06T14:20:38,2025-09-14T18:55:38,FAC-035,CH1HCFSH8P,male,2024-08-30,15,no,no,+2253072665347,6.198274 -4.679995 266 15
2025-09-26T21:57:38,2025-08-10T17:58:38,FAC-038,CHABN5ULX0,male,2024-11-16,13,yes,yes,+2253600675719,9.699595 -3.262806 0 6
2025-08-18T13:06:38,2025-11-08T19:45:38,FAC-032,CHJPMXUHEX,female,2025-12-01,0,yes,no,+2255281004627,5.321316 -3.721401 61 10
2025-11-17T02:56:38,2025-09-19T10:23:38,FAC-004,CHT8HEGHRL,female,2024-10-01,14,yes,no,+2254484219257,5.395945 -6.913184 433 4
2025-08-14T23:47:38,2025-08-14T06:51:38,FAC-052,CHKPLAEZ1K,female,2025-06-22,5,no,no,+2254786465215,8.158685 -4.825939 231 13
2025-08-08T09:27:38,2025-11-15T22:22:38,FAC-006,CHUHJHCW1W,male,2025-11-05,1,no,yes,+2259182095671,9.357562 -7.55794 305 14
2025-10-16T11:33:38,2025-07-27T17:41:38,FAC-026,CHWY06G7DD,female,2024-10-30,13,yes,yes,+2256237593964,10.03022 -7.674317 431 13
2025-12-06T00:20:38,2025-10-01T09:33:38,FAC-028,CHP3EII8FQ,male,2024-10-13,14,yes,no,+2256196870598,9.776933 -6.602471 139 12
2025-10-30T15:21:38,2025-09-02T09:54:38,FAC-040,CHJS02OVY2,male,2024-07-11,17,yes,no,+2253418369919,7.281753 -5.016242 149 6
2025-10-29T21:39:38,2025-10-27T20:00:38,FAC-033,CH3P6BXIPQ,male,2024-07-19,17,yes,no,+2253137846302,9.543568 -7.54699 92 8
2025-08-20T15:23:38,2025-08-28T06:39:38,FAC-039,CHYBNM3RXJ,female,2025-07-24,4,yes,yes,+2256067313688,10.763435 -4.295602 111 3
2025-10-26T06:13:38,2025-11-03T08:29:38,FAC-001,CHQ9WMG3OM,female,2024-10-16,14,yes,yes,+2258242949853,7.681197 -3.515814 475 6
2025-09-25T12:49:38,2025-09-18T23:55:38,FAC-015,CHAMYY00JI,female,2024-02-09,22,no,no,+2258339732221,7.988561 -3.473673 439 11
2025-10-26T09:45:38,2025-11-17T23:18:38,FAC-027,CHWYSB84AS,male,2024-07-22,16,no,no,+2250358798048,5.887769 -5.319981 266 6
2025-11-22T14:32:38,2025-10-18T17:47:38,FAC-051,CHBWRBBLVD,male,2024-05-30,18,yes,no,+2252505840966,6.622654 -7.187586 158 10
2025-09-14T06:32:38,2025-11-09T15:49:38,FAC-059,CHCCIEUG66,male,2025-12-06,0,no,no,+2252784359319,8.291571 -7.659494 206 8
2025-09-28T03:07:38,2025-09-09T02:50:38,FAC-031,CHPCKKGYSU,female,2024-01-16,23,no,yes,+2250270534325,10.561585 -3.590421 430 12
2025-10-29T08:11:38,2025-10-19T12:13:38,FAC-031,CHC232765B,male,2024-09-28,14,yes,no,+2250756199469,8.68106 -5.575972 310 9
2025-09-15T17:36:38,2025-09-21T18:12:38,FAC-002,CHRQK8ZYKZ,male,2025-03-13,9,no,yes,+2253745699337,7.338175 -7.85357 89 4
2025-09-05T18:06:38,2025-10-25T04:41:38,FAC-011,CHKJZV50B2,female,2024-06-09,18,no,yes,+2252114660267,8.82631 -7.648124 202 7
2025-11-11T17:43:38,2025-09-24T03:26:38,FAC-058,CHUA4QGGI0,male,2025-08-03,4,no,no,+2250955407257,5.487684 -6.540431 447 3
2025-10-01T23:20:38,2025-11-17T19:46:38,FAC-044,CH9HU2A6QQ,female,2024-05-16,19,no,yes,+2251848257678,7.810324 -5.049714 131 5
2025-09-19T09:18:38,2025-09-04T15:14:38,FAC-014,CHU8LUIM17,male,2024-04-29,19,yes,yes,+2257818760581,5.672976 -5.823988 421 6
2025-08-18T15:39:38,2025-09-17T08:59:38,FAC-003,CHA2GZT565,male,2024-12-11,12,yes,no,+2254871728186,8.152796 -7.004596 401 12
2025-09-25T08:40:38,2025-10-19T22:59:38,FAC-005,CHHDMYFW2C,female,2024-06-19,18,no,yes,+2255246553724,9.227423 -5.584084 388 8
2025-08-27T09:46:38,2025-10-25T06:21:38,FAC-025,CHGV0TLJ7N,female,2023-12-04,24,yes,yes,+2253780384397,10.440148 -7.815712 215 7
2025-07-27T20:12:38,2025-09-01T17:41:38,FAC-006,CHWZ2MZCPS,female,2023-12-01,24,no,no,+2253928832632,9.829672 -6.213114 474 12
2025-09-10T06:03:38,2025-08-08T14:40:38,FAC-035,CH8LQCVOZ4,male,2025-07-28,4,no,yes,+2254997874669,10.192859 -6.898812 146 10
2025-11-14T03:09:38,2025-09-24T04:45:38,FAC-001,CHYQF7IMKC,male,2025-06-22,5,yes,no,+2258332625159,5.46114 -7.804961 189 6
2025-11-08T12:02:38,2025-10-15T03:10:38,FAC-017,CHL9VDE2L1,female,2024-09-22,14,yes,no,+2254073596345,8.026171 -6.513416 333 10
2025-08-03T03:31:38,2025-11-14T23:21:38,FAC-014,CHM851E2QP,male,2024-09-13,15,no,yes,+2256052271749,9.550219 -6.466733 308 9
2025-08-02T22:04:38,2025-09-15T05:53:38,FAC-022,CH3GEABEMI,male,2025-08-13,4,no,no,+2251072543157,9.582162 -5.028216 148 4
2025-09-17T17:22:38,2025-10-12T10:24:38,FAC-037,CHW2E4FE5O,female,2024-05-19,19,no,no,+2250254133843,8.664268 -6.352107 268 15
2025-11-16T08:16:38,2025-11-02T06:53:38,FAC-032,CHAJML64XA,female,2024-05-02,19,yes,yes,+2251909099985,5.752659 -7.979501 209 6
2025-08-01T13:14:38,2025-10-24T13:36:38,FAC-041,CHZWIMS4MZ,female,2024-07-29,16,yes,yes,+2252865550139,5.849363 -3.399053 359 13
2025-10-29T02:39:38,2025-11-08T01:51:38,FAC-023,CH65KJ0H8Z,female,2024-05-31,18,no,yes,+2255275275906,8.082066 -4.238792 11 8
2025-10-10T10:36:38,2025-11-27T22:08:38,FAC-020,CHWV5ADGZI,male,2025-08-02,4,no,yes,+2257181447014,6.494486 -6.454161 311 12
2025-08-31T07:56:38,2025-11-11T03:51:38,FAC-055,CHGAE5JDKD,female,2024-01-15,23,yes,no,+2257224725913,6.897606 -6.31727 115 5
2025-10-31T20:11:38,2025-12-09T07:24:38,FAC-037,CHHWZSGTB3,male,2024-01-01,23,yes,no,+2258325168578,7.476631 -6.102164 22 12
2025-09-11T22:51:38,2025-12-12T09:03:38,FAC-051,CH83K0PX9C,male,2024-09-22,14,yes,no,+2255061374148,8.63453 -5.289492 433 3
2025-10-02T01:11:38,2025-11-27T05:19:38,FAC-009,CHA5B682BL,male,2024-06-17,18,no,yes,+2250157739723,6.997004 -3.171495 108 9
2025-10-11T12:12:38,2025-12-03T12:59:38,FAC-042,CHKWD0HXK6,male,2023-12-13,24,no,no,+2256409062182,9.607734 -6.789801 412 14
2025-11-22T22:59:38,2025-12-05T12:53:38,FAC-049,CHP29IZ9OL,male,2025-09-07,3,yes,no,+2251492062718,5.945725 -4.49775 175 4
2025-09-23T07:29:38,2025-10-31T12:32:38,FAC-023,CHJOLG099K,female,2025-04-26,7,no,yes,+2252480122209,5.770715 -3.83614 205 3
2025-09-18T01:04:38,2025-12-06T20:01:38,FAC-028,CHPOEWS72U,female,2025-09-25,2,no,yes,+2256438535837,5.839253 -6.229545 150 4
2025-10-15T07:15:38,2025-10-12T07:03:38,FAC-044,CH8X4UOVUZ,male,2025-12-08,0,yes,no,+2251239801259,6.199622 -4.38505 81 4
2025-12-02T20:22:38,2025-10-12T16:08:38,FAC-037,CHJM3FACWS,male,2024-03-18,21,yes,no,+2252033488158,7.541595 -7.486326 397 7
2025-08-07T03:57:38,2025-12-09T16:12:38,FAC-057,CH5AI1G0HL,female,2025-11-26,0,no,yes,+2258067648835,5.825547 -3.143386 372 13
2025-10-03T08:18:38,2025-10-27T06:42:38,FAC-037,CHIEBZ8S6F,female,2023-12-26,23,yes,yes,+2258662981938,10.473404 -8.141845 340 3
2025-08-02T00:47:38,2025-09-29T11:57:38,FAC-025,CHD95W2Y1B,male,2025-04-15,8,yes,no,+2258470007026,7.737559 -7.256192 110 8
2025-09-22T17:20:38,2025-07-31T15:36:38,FAC-028,CHGGXF3X7K,male,2025-02-11,10,yes,yes,+2252719784245,6.302185 -7.149709 403 3
2025-07-31T15:52:38,2025-12-12T09:19:38,FAC-033,CH0NG4VVPD,female,2025-07-20,4,yes,yes,+2253834522823,8.444818 -7.240425 10 6
2025-07-30T08:11:38,2025-07-29T12:12:38,FAC-050,CHJPCZ6XFP,male,2024-10-27,13,yes,no,+2255411795199,8.926453 -4.274539 247 13
2025-10-12T17:51:38,2025-11-18T15:44:38,FAC-017,CH2SQ88E1N,male,2025-09-19,2,no,yes,+2257760440655,5.592848 -6.897738 269 3
2025-09-12T22:13:38,2025-08-29T05:18:38,FAC-052,CHDYNHMKT5,female,2024-01-28,22,no,yes,+2256765579266,10.726207 -7.318264 49 7
2025-10-09T22:28:38,2025-09-09T17:29:38,FAC-020,CHEL0QRLV0,female,2024-03-18,21,yes,no,+2256416354982,5.897622 -6.005395 271 6
2025-09-17T10:35:38,2025-08-15T12:43:38,FAC-031,CHCLF32TGV,male,2025-05-14,7,yes,no,+2259565386296,10.400582 -4.621331 456 3
2025-08-06T12:04:38,2025-12-12T03:03:38,FAC-003,CHIBWH4OIN,female,2024-10-23,13,yes,yes,+2255989085090,9.942337 -6.959463 397 10
2025-10-05T17:32:38,2025-07-30T02:10:38,FAC-058,CH7XAYMRW6,female,2025-09-01,3,no,no,+2253395689257,5.574274 -4.950879 401 11
2025-08-02T15:21:38,2025-12-10T12:44:38,FAC-057,CH71YCEOOG,male,2025-10-16,1,no,yes,+2250714857830,7.416227 -7.750001 263 12
2025-08-31T21:45:38,2025-09-27T01:36:38,FAC-049,CHVNFI1GQ7,female,2024-01-27,22,no,no,+2259241058855,7.962305 -3.047682 140 13
2025-10-26T18:25:38,2025-11-01T18:02:38,FAC-006,CHIELHUSGD,male,2025-06-16,6,yes,no,+2253213579554,7.852919 -7.933227 60 15
2025-09-27T11:13:38,2025-12-02T05:15:38,FAC-048,CHT09J1VW1,male,2025-09-10,3,yes,no,+2254066202803,7.395892 -6.227929 80 15
2025-10-23T02:22:38,2025-08-16T08:55:38,FAC-044,CHC3CCVN2M,male,2025-05-21,6,no,no,+2258755762935,5.357398 -7.364432 461 9
2025-11-01T09:02:38,2025-07-31T15:08:38,FAC-039,CH57DCNGVE,male,2024-02-22,22,yes,yes,+2259415676083,6.941681 -5.307572 433 5
2025-10-17T13:27:38,2025-10-28T11:40:38,FAC-029,CHJPKC5YTM,female,2025-07-11,5,no,yes,+2250320728418,9.396938 -3.433242 308 11
2025-10-09T23:56:38,2025-10-29T14:37:38,FAC-043,CHCDBG26S4,female,2025-03-30,8,no,no,+2255748482539,5.523573 -3.656382 84 6
2025-08-10T10:38:38,2025-11-04T13:36:38,FAC-046,CHCBYDJT9U,male,2025-10-22,1,yes,no,+2252470065680,5.364582 -4.607093 81 6
2025-12-10T07:06:38,2025-08-21T01:50:38,FAC-029,CH561ILZ1A,female,2025-04-06,8,yes,yes,+2255668095088,5.595935 -7.172186 132 9
2025-10-02T10:05:38,2025-12-10T10:25:38,FAC-026,CHN9I094LH,female,2025-06-30,5,no,yes,+2258118807353,7.81525 -7.327536 59 7
2025-07-28T07:13:38,2025-10-22T07:52:38,FAC-051,CHFF14BQY6,male,2025-10-29,1,yes,no,+2253227902476,8.553497 -3.381113 237 3
2025-08-05T00:38:38,2025-10-01T05:25:38,FAC-008,CH66YX4MTP,female,2024-03-09,21,no,no,+2250604358412,8.011025 -4.702401 189 3
2025-09-27T04:59:38,2025-08-08T01:00:38,FAC-053,CHHXNEGWP2,female,2025-02-07,10,yes,no,+2256868491848,10.579906 -4.253267 466 7
2025-09-21T06:27:38,2025-09-04T00:21:38,FAC-029,CH3QVZFDI2,female,2024-09-12,15,no,no,+2251547408689,10.53536 -7.520601 134 12
2025-10-02T15:59:38,2025-12-07T16:12:38,FAC-050,CHBKYGE2AH,male,2024-08-10,16,yes,yes,+2256918610448,6.462377 -6.701881 442 10
2025-10-06T01:03:38,2025-10-27T19:28:38,FAC-036,CHYCUOWNRN,female,2025-01-15,11,yes,yes,+2253190540780,5.245059 -7.395409 56 13
2025-11-13T07:22:38,2025-12-06T10:48:38,FAC-002,CHETTD1N3T,male,2025-07-04,5,no,no,+2251104726570,8.129199 -7.060981 147 12
2025-08-06T17:09:38,2025-11-30T18:43:38,FAC-005,CH6TKPETDX,female,2025-08-02,4,yes,no,+2258072693214,5.749544 -6.090541 25 5
2025-11-02T06:01:38,2025-11-06T15:48:38,FAC-060,CH4EU9X9FJ,male,2024-02-02,22,no,no,+2252801950538,5.865749 -6.067615 199 9
2025-08-18T17:03:38,2025-12-10T05:53:38,FAC-057,CHE4Z18OMA,male,2025-09-24,2,no,no,+2255781072721,9.70008 -3.010842 180 7
2025-10-16T23:04:38,2025-12-11T11:34:38,FAC-020,CHEFNUFD50,male,2024-07-11,17,no,no,+2255831609337,9.348783 -3.953592 203 6
2025-09-02T14:51:38,2025-10-04T03:56:38,FAC-023,CHUQZF07PF,female,2023-12-13,24,yes,yes,+2257392852483,7.00811 -4.390855 451 5
2025-08-16T08:07:38,2025-10-28T16:26:38,FAC-017,CHWF9013T4,male,2025-01-29,10,no,no,+2255733546524,6.263372 -4.744314 166 9
2025-09-04T15:27:38,2025-08-19T03:17:38,FAC-042,CHEJYN7DP6,female,2025-09-12,3,yes,no,+2254016384874,5.559817 -8.02773 132 13
2025-08-21T05:42:38,2025-08-27T23:34:38,FAC-054,CHCO2H6YIF,male,2025-08-19,3,no,yes,+2258222945660,9.649404 -5.02882 176 3
2025-12-05T02:23:38,2025-10-05T17:19:38,FAC-003,CH2NAFC4SC,female,2024-06-23,17,no,yes,+2258437244861,10.599645 -3.622342 251 4
2025-10-20T06:46:38,2025-12-11T06:27:38,FAC-012,CHA1FGQ9AF,male,2024-12-12,12,yes,yes,+2255898123569,9.774045 -3.352091 282 10
2025-10-01T18:43:38,2025-10-10T06:29:38,FAC-022,CH44GZV9ET,female,2024-10-26,13,yes,yes,+2254792797077,6.7121 -3.508021 297 9
2025-09-20T20:56:38,2025-08-05T01:41:38,FAC-056,CHPLAKBULF,male,2025-05-13,7,no,yes,+2251893654433,7.737307 -7.212417 114 15
2025-10-18T17:07:38,2025-09-10T14:13:38,FAC-017,CHV15P4NZF,female,2024-05-28,18,no,no,+2250383701337,7.547909 -5.159229 118 3
