start,end,household_id,child_id,age_months,diarrhea_7d,ors_given,water_source,handwashing_station,gps
2025-10-16T20:13:38,2025-08-26T12:30:38,HHY9LQS1,CHQSN2V503,9,no,no,surface,yes,9.929536 -7.217123 114 12
2025-08-20T12:46:38,2025-10-26T20:20:38,HHCBRKRC,CHUXCYRAS5,17,no,no,well,yes,7.248758 -8.190777 165 6
2025-10-16T04:55:38,2025-09-10T09:04:38,HHE37GFS,CH90FMAK0B,38,no,yes,piped,no,6.219205 -7.284192 193 10
2025-12-12T21:29:38,2025-11-21T18:45:38,HHDVHKUP,CHP5XC103F,14,no,no,borehole,yes,9.308129 -4.421443 217 7
2025-11-27T08:38:38,2025-12-07T04:03:38,HHNEQAY1,CHCBV54BFI,3,no,no,well,yes,5.237323 -3.911365 128 9
2025-10-01T01:20:38,2025-08-08T00:25:38,HHXQH21T,CHW3EA5ITC,34,no,no,well,yes,10.405423 -3.133439 391 9
2025-08-29T18:51:38,2025-12-13T10:39:38,HHCQLU75,CHRXZP1GT5,26,no,yes,piped,yes,6.05838 -8.03052 150 15
2025-11-18T12:03:38,2025-08-02T15:11:38,HH65VON8,CHWJLV80OW,48,no,yes,piped,no,9.734965 -3.48938 421 8
2025-11-02T03:43:38,2025-08-04T22:38:38,HHKIE6QW,CHTCK417I3,5,no,no,piped,no,5.253015 -4.362306 18 6
2025-11-14T15:55:38,2025-08-02T02:46:38,HHR0I310,CHJXN6ZWUS,4,no,yes,borehole,yes,8.062332 -4.787887 496 12
2025-08-25T22:37:38,2025-09-25T02:45:38,HHUXBFPT,CHZ90XVGLU,45,no,yes,surface,yes,9.88452 -7.854244 124 4
2025-12-04T20:14:38,2025-10-27T00:46:38,HHLKLMOJ,CHXZBRI3FB,36,yes,yes,well,no,9.641978 -6.519802 308 14
2025-08-15T18:43:38,2025-09-09T13:56:38,HHHJ2AVM,CHM1TX0Y3N,57,yes,yes,piped,no,9.125896 -7.550088 454 11
2025-11-29T12:24:38,2025-10-26T23:37:38,HHG8VWXM,CHVEDVSYWY,18,no,no,well,yes,7.804167 -3.232096 173 12
2025-07-28T23:48:38,2025-10-16T10:08:38,HHFTVVRF,CHQXJHP9OI,47,yes,yes,well,yes,9.747507 -4.323645 189 11
2025-12-12T21:11:38,2025-09-09T21:42:38,HHAK588J,CH7STVIWHA,11,no,yes,surface,no,6.752419 -3.511616 491 13
2025-08-07T05:42:38,2025-09-17T17:02:38,HHFN8BE8,CHB718A7TI,24,no,yes,piped,yes,8.671219 -6.652911 103 5
2025-07-30T20:48:38,2025-11-28T11:38:38,HH7O5M5I,CHQBG5QZ98,4,no,no,surface,yes,8.37067 -4.300503 46 10
2025-12-06T07:01:38,2025-08-28T12:51:38,HHYWQYNP,CHHYH6NTQR,23,yes,no,well,yes,10.434196 -6.667603 190 9
2025-08-06T06:08:38,2025-10-28T06:44:38,HHDTPZSP,CH9Q3FGGAA,53,no,yes,well,no,5.333104 -5.597899 257 15
2025-09-04T10:43:38,2025-11-14T05:39:38,HHSW3TSY,CHAMY47ZF2,58,no,no,surface,yes,7.095285 -7.63369 351 7
2025-11-08T08:58:38,2025-08-15T03:39:38,HHONIPRS,CHUP3DCOZQ,4,yes,no,well,yes,6.299216 -3.576617 248 3
2025-10-31T21:47:38,2025-10-02T07:38:38,HHLE47UG,CHVW2ZMKRP,21,no,yes,borehole,yes,7.538929 -7.072087 396 6
2025-07-30T03:06:38,2025-11-18T14:27:38,HHAFQHDF,CH1BS134NZ,40,no,yes,well,yes,6.102829 -3.201479 350 14
2025-11-18T02:47:38,2025-10-24T19:55:38,HHR7EUMC,CHH4MZMD9P,4,no,no,surface,yes,9.966505 -4.876891 11 7
2025-10-14T02:35:38,2025-10-09T05:15:38,HHYSPUPU,CH0XD4K9TX,27,yes,yes,borehole,yes,10.615096 -3.475684 173 15
2025-09-20T19:58:38,2025-11-27T22:24:38,HHU7M20X,CHWANSWS42,8,no,no,borehole,yes,9.718614 -4.234774 473 10
2025-09-10T04:22:38,2025-09-23T19:51:38,HHKA0C4Z,CHG4AP2H57,53,no,yes,piped,no,5.86144 -6.278719 434 9
2025-12-02T15:47:38,2025-08-17T21:53:38,HH4FGMKO,CH2ANWEBUN,59,no,yes,surface,yes,9.676606 -7.769528 115 6
2025-09-01T14:19:38,2025-10-04T04:03:38,HH7FB6KO,CHKNJNN4XS,51,no,yes,borehole,no,8.13676 -8.15647 10 5
2025-09-04T03:50:38,2025-12-07T04:35:38,HHX17Z8F,CHNC1FSDN7,20,no,yes,piped,yes,6.599915 -6.248038 10 12
2025-11-13T20:41:38,2025-10-06T11:11:38,HHQEUW1B,CHD78UFTLK,7,no,yes,surface,yes,5.666704 -7.223428 209 5
2025-09-01T18:00:38,2025-09-14T16:29:38,HHMGFJ4C,CH6IWE83X9,36,no,yes,well,no,9.62893 -8.162755 47 7
2025-11-07T05:09:38,2025-12-13T00:29:38,HHV4GKLA,CHJA4JS8CD,22,no,no,well,no,8.853735 -3.19414 282 7
2025-12-13T02:34:38,2025-08-13T15:00:38,HHKD6PAR,CHC1Z7ERJ0,54,no,no,piped,yes,7.258332 -5.692383 190 15
2025-11-27T12:39:38,2025-12-06T07:17:38,HH6AD81N,CHVSKS2EWE,32,no,yes,piped,no,10.146745 -7.518628 39 8
2025-08-06T05:13:38,2025-12-03T20:13:38,HHIZ4O08,CHMYWEEHDK,0,no,yes,well,yes,5.85954 -7.003793 8 7
2025-08-01T09:59:38,2025-08-05T18:58:38,HHEDQJLN,CHTRL3POC0,17,no,yes,surface,no,8.607576 -5.244784 146 12
2025-08-07T08:03:38,2025-09-04T05:26:38,HH9E33RV,CHDNY49W4M,58,no,no,well,no,6.599346 -3.180452 7 8
2025-08-19T19:46:38,2025-11-01T04:08:38,HHA5ACYF,CH6Y0XX9VX,55,no,no,borehole,no,5.885299 -5.109329 206 12
2025-10-21T19:07:38,2025-08-22T05:16:38,HHON651P,CH67DN9M21,50,no,no,well,yes,6.48497 -4.789471 187 3
2025-09-13T07:18:38,2025-08-22T15:36:38,HH0E5MQG,CHE9T9GAG7,0,no,yes,surface,yes,7.628981 -5.672421 387 6
2025-10-07T19:20:38,2025-11-18T13:01:38,HHNJMTPV,CHTM9JJ7DX,12,no,yes,surface,no,9.185836 -7.585173 93 11
2025-12-10T03:37:38,2025-11-08T02:25:38,HHUJXZ4W,CHT4VBQ22R,56,no,yes,borehole,no,6.562661 -4.941513 63 13
2025-09-15T02:38:38,2025-11-03T18:43:38,HHQHQ8JO,CHSR77Z0QN,7,no,yes,borehole,yes,9.686794 -4.900242 243 3
2025-09-18T07:13:38,2025-10-20T23:59:38,HHTGXNHJ,CH3PE8VUH3,50,yes,yes,surface,yes,8.948739 -4.983464 492 3
2025-08-19T23:27:38,2025-10-01T23:34:38,HHA8S3UO,CHA5D7W9DV,38,no,yes,surface,no,9.025846 -5.024451 66 12
2025-08-12T03:12:38,2025-10-18T08:43:38,HHW2O2X7,CHAUU8GOFG,19,no,no,borehole,no,6.519077 -6.803851 349 15
2025-08-18T12:59:38,2025-11-09T16:54:38,HH1K27VA,CH2MPPJN6S,48,no,yes,piped,no,7.146692 -4.42395 449 3
2025-10-22T09:30:38,2025-08-23T14:07:38,HH5KH321,CH3OZ3D36G,43,no,no,well,yes,10.058475 -6.220573 135 6
2025-09-02T04:49:38,2025-08-09T07:22:38,HHD4MA8T,CHTJHAM0BI,48,no,no,well,yes,5.973775 -5.73617 496 15
2025-10-24T10:13:38,2025-08-05T05:27:38,HHRWQAFK,CHDU8YSBRN,44,yes,yes,borehole,no,8.489208 -7.905463 437 3
2025-11-21T02:59:38,2025-09-04T08:55:38,HHDM8T4S,CH2BKYVQBM,42,yes,no,surface,yes,5.484393 -5.533767 367 4
2025-08-14T20:49:38,2025-08-01T20:43:38,HHQNKSVK,CH926P1D9W,24,no,yes,borehole,yes,5.420133 -5.514558 242 5
2025-11-22T14:37:38,2025-12-11T06:53:38,HHQ1H8Y1,CH1NSHSHZM,28,no,no,borehole,no,5.884954 -7.546877 285 14
2025-09-12T06:18:38,2025-07-31T18:53:38,HHM3N0R4,CHFQQLJIRX,25,no,no,borehole,yes,7.069878 -7.353996 130 15
2025-10-27T08:09:38,2025-10-10T10:05:38,HH203DYC,CHWI93F412,58,no,yes,well,yes,8.441057 -5.603552 212 11
2025-08-27T20:44:38,2025-12-01T02:02:38,HHL64HLL,CHXU0BUXVA,28,no,yes,surface,no,10.415558 -3.570532 483 10
2025-10-02T07:08:38,2025-09-24T22:06:38,HHAZ2JA2,CHHLU2R41H,24,yes,yes,well,no,9.118262 -7.891539 280 5
2025-10-27T11:41:38,2025-10-21T00:57:38,HHX30BKJ,CHDLH9CDXD,29,yes,yes,well,yes,5.226351 -4.10812 9 3
2025-08-03T19:03:38,2025-09-05T21:52:38,HHOM0E8E,CH4K8LJXUM,13,no,yes,well,yes,10.24098 -4.633045 393 8
2025-08-03T21:45:38,2025-09-15T04:46:38,HHXBIZYE,CH7LN4HA8Q,39,yes,no,well,no,6.478776 -5.371425 334 6
2025-11-16T06:53:38,2025-11-26T06:38:38,HH678NSQ,CH1OKH0PBA,14,no,no,surface,no,8.114256 -6.684074 341 3
2025-12-08T16:04:38,2025-10-18T11:45:38,HHXTRMHK,CHE3SRROMT,5,no,no,surface,no,7.289246 -4.713605 32 10
2025-08-22T07:44:38,2025-11-13T09:38:38,HH9BAA7X,CHXXRN95XD,45,yes,no,surface,yes,7.983683 -6.077209 394 4
2025-08-18T21:24:38,2025-11-02T03:50:38,HH2NQDUH,CH9R2MFZIQ,54,no,yes,piped,no,9.094748 -7.578652 476 10
2025-11-25T06:53:38,2025-10-23T22:08:38,HHNK7EIY,CHXTOCCFXG,42,yes,yes,piped,no,7.137244 -6.708905 354 11
2025-09-19T18:37:38,2025-09-27T23:18:38,HHYO57TA,CHEH9C43FT,55,no,no,well,no,7.669707 -6.707597 149 6
2025-10-22T23:37:38,2025-11-21T00:46:38,HH9HNZWH,CHU33ZTP2J,47,no,no,borehole,yes,10.224576 -7.337226 278 3
2025-11-23T16:42:38,2025-08-25T16:14:38,HHVVK21S,CH289URUVR,59,no,no,well,no,10.312074 -3.612725 251 5
2025-09-08T17:03:38,2025-08-09T22:55:38,HHODUFXL,CHRFGY9KND,57,no,yes,piped,yes,5.755609 -6.694746 262 4
2025-09-28T23:22:38,2025-07-28T05:40:38,HH2GB867,CHAG5G8AIU,38,no,yes,borehole,yes,5.352822 -4.774842 470 12
2025-09-16T06:04:38,2025-08-10T14:28:38,HH1KBJGU,CHZV2JHFV3,36,no,no,piped,no,6.184287 -3.615189 196 3
2025-10-12T08:44:38,2025-08-30T10:33:38,HHP1TQ4M,CHV51FXLGA,33,no,yes,piped,no,8.189603 -4.084112 273 14
2025-11-12T13:29:38,2025-08-21T12:44:38,HHVKOU36,CHVXSLPWLR,45,no,no,borehole,yes,10.586946 -4.575903 500 13
2025-11-15T06:39:38,2025-12-02T20:23:38,HHERQCLF,CH52493YPW,7,yes,no,borehole,yes,8.32275 -4.906006 379 12
2025-10-14T07:31:38,2025-08-24T11:31:38,HH8PMIDO,CHEDXSTEB3,1,no,yes,well,yes,5.75828 -5.540084 310 9
2025-08-12T01:10:38,2025-09-29T20:42:38,HHBVOQ61,CH7F2YNESZ,24,yes,yes,borehole,yes,9.096775 -5.563158 434 12
2025-11-18T00:40:38,2025-07-28T06:38:38,HHAL74HD,CHDUYBLYJ1,51,no,no,borehole,yes,5.956749 -4.605341 277 10
2025-12-03T17:42:38,2025-10-03T06:12:38,HH3ILJNW,CHK8XA5SN8,44,no,no,borehole,yes,8.516203 -3.193348 449 12
2025-11-07T10:14:38,2025-10-20T12:36:38,HHEUBYOK,CHGSEU8IXK,35,yes,yes,surface,no,10.510835 -8.022733 94 11
2025-09-30T14:44:38,2025-11-16T22:18:38,HHV7LZ7C,CH2XLP5JJ8,18,yes,no,surface,yes,7.089544 -6.186145 321 12
2025-11-20T11:38:38,2025-10-07T09:47:38,HHWV66EN,CH7SQCG7TL,38,yes,no,borehole,yes,5.564259 -5.165383 47 10
2025-12-05T18:33:38,2025-11-04T18:23:38,HHBUZKSB,CHYMPG8C0C,57,no,yes,piped,no,9.056514 -5.774891 411 14
2025-10-04T11:20:38,2025-09-24T06:45:38,HHTAG5MK,CH6L6MIC9O,44,no,yes,surface,yes,6.903589 -7.469858 202 12
2025-08-12T12:20:38,2025-11-22T05:46:38,HHXHP4W7,CHJ619L52O,45,no,no,surface,yes,9.169749 -3.172583 324 8
2025-11-12T13:23:38,2025-08-31T03:17:38,HHDNRZ4U,CHTV9JWDTA,27,no,yes,piped,no,7.986669 -6.49044 346 15
2025-10-22T01:33:38,2025-11-06T01:17:38,HHUYAM9C,CHSNEI1X5F,3,no,yes,well,yes,8.448048 -3.505756 308 8
2025-09-13T20:30:38,2025-09-22T05:13:38,HHQXCH9T,CHRH2YVVUI,0,no,yes,piped,yes,6.869689 -7.14869 208 4
2025-10-22T04:51:38,2025-11-18T07:38:38,HHBYSEGG,CHIY7LJB3S,8,yes,no,well,no,5.966087 -4.082829 271 7
2025-10-29T18:26:38,2025-08-27T17:50:38,HHM3PNO3,CH7EC8Y9VS,26,no,no,surface,no,9.554811 -3.151484 268 4
2025-10-31T05:26:38,2025-09-15T07:34:38,HHR1DBRI,CHTCDO9M9U,53,no,yes,borehole,no,9.28006 -6.066798 106 12
2025-08-10T15:14:38,2025-11-07T05:25:38,HHER2LYJ,CHSOWBVL7K,23,no,no,borehole,no,9.482404 -6.115251 51 6
2025-12-07T19:05:38,2025-10-29T05:41:38,HHX6VSDI,CHZ02AB5NY,48,no,no,piped,yes,9.17697 -6.695542 346 6
2025-10-04T02:36:38,2025-10-12T19:40:38,HHMVS4RU,CHYESYPCMS,41,no,yes,well,yes,10.520481 -7.757108 359 15
2025-12-01T05:58:38,2025-11-09T04:12:38,HHUGDRGC,CHUUTNAFJU,58,no,yes,piped,yes,7.58873 -3.715231 127 8
2025-11-22T06:07:38,2025-10-26T17:31:38,HHTXRU9O,CHOPMAZ6RL,20,no,yes,piped,yes,5.3404 -6.380686 498 5
2025-10-06T02:52:38,2025-08-03T19:31:38,HHNUBD9Y,CHKTKT7JMR,17,no,no,well,yes,8.30097 -3.985563 47 3
2025-10-02T10:14:38,2025-08-08T04:40:38,HHMFFZL4,CHX9D1KCVH,20,no,yes,surface,yes,9.554405 -4.026959 320 9
2025-08-09T03:36:38,2025-11-30T13:36:38,HH1JJE36,CHYCI0L55E,32,no,yes,borehole,no,6.797259 -6.836374 168 11
2025-11-17T03:51:38,2025-10-05T17:08:38,HHLCAE6M,CH9G416RAZ,10,no,no,borehole,yes,7.422212 -3.838689 260 7
2025-11-21T16:17:38,2025-11-07T11:57:38,HHN3ZYZL,CHYSHIZI3C,45,no,no,well,no,8.761569 -5.604731 380 5
2025-09-28T19:32:38,2025-09-16T21:27:38,HHKA0BO1,CH086XX0OL,53,no,yes,borehole,yes,7.334583 -5.665088 153 12
2025-09-04T05:25:38,2025-12-03T05:16:38,HHAZP8YN,CH2EGJLDBU,4,no,no,piped,no,8.497423 -6.680562 336 6
2025-11-15T13:11:38,2025-09-16T19:32:38,HH2S2SYT,CHS8LUKTJK,45,no,yes,well,no,5.775361 -3.273304 134 11
2025-08-17T02:32:38,2025-10-29T22:28:38,HH02L3AN,CH4G0EO1BY,46,no,no,surface,yes,8.713199 -6.546356 499 5
2025-09-27T03:19:38,2025-10-23T02:50:38,HHGP2E2V,CHPRRXXKQ9,12,no,yes,borehole,yes,8.909697 -3.32406 268 8
2025-11-03T13:54:38,2025-08-02T19:31:38,HH03L3JC,CH5XTO1PUY,8,yes,yes,well,no,10.130562 -5.736308 407 3
2025-08-27T13:59:38,2025-08-20T02:43:38,HHUWU24O,CH4YT3QN2E,31,yes,yes,well,yes,6.074402 -7.411767 437 9
2025-09-10T20:38:38,2025-10-03T17:36:38,HHNN39P2,CHH982N14L,24,no,no,well,no,8.94274 -4.956879 462 11
2025-08-08T04:40:38,2025-08-26T14:40:38,HHWYQGNZ,CHODT7U35F,18,yes,no,borehole,yes,7.662345 -4.261909 279 6
2025-10-08T09:51:38,2025-10-04T01:40:38,HHI4XC5F,CHR6A0BXCK,37,no,no,piped,yes,8.850555 -7.133644 333 12
2025-09-06T12:19:38,2025-08-25T11:20:38,HHZ4WDGM,CH7KSXPLSH,33,no,yes,well,yes,7.454456 -4.717966 264 12
2025-10-16T00:22:38,2025-08-25T12:46:38,HHI43DH2,CH6WF7S0X2,38,no,yes,well,no,9.064969 -3.943022 254 6
2025-12-08T19:44:38,2025-08-09T16:16:38,HH2RUDSR,CHJZ1LP9VR,46,no,no,piped,yes,6.4412 -4.066358 487 6
2025-09-23T07:30:38,2025-08-24T05:10:38,HHK5CV7O,CH2S5Y1UOU,13,no,yes,surface,no,7.970542 -3.538843 490 6
2025-10-26T08:26:38,2025-07-31T19:14:38,HHQ3GX5D,CH7TVL5BWP,10,no,yes,borehole,yes,10.613996 -5.705262 235 13
2025-08-24T14:05:38,2025-10-05T15:42:38,HH8RT43O,CHBFVM1395,7,yes,yes,well,no,7.326775 -5.670564 454 11
2025-08-14T12:43:38,2025-08-20T20:33:38,HH7OI92W,CHC8NBHLWI,34,no,yes,borehole,yes,8.579548 -6.999098 8 13
2025-09-03T06:12:38,2025-12-11T02:42:38,HHAOIQS5,CHVR3VSDZU,35,no,no,surface,no,7.419488 -6.231773 443 11
2025-10-04T03:27:38,2025-09-11T19:10:38,HH2WP9L5,CH2SM6QMQA,58,no,yes,piped,yes,6.938934 -4.35959 198 5
2025-11-10T03:43:38,2025-09-13T00:47:38,HHZUEA8S,CHU4DFFAQ5,1,no,yes,borehole,no,9.070418 -3.71178 111 9
2025-09-29T07:03:38,2025-09-30T06:38:38,HH69XRSP,CH9DVT6LO6,51,no,no,surface,no,6.487574 -6.517424 84 3
2025-10-10T16:02:38,2025-08-08T04:57:38,HH5V3EOA,CHVP0HLXDM,51,no,no,borehole,no,8.018719 -5.051996 352 3
2025-10-30T23:36:38,2025-10-12T00:02:38,HHNKBAF9,CHA52P4SCI,7,no,no,borehole,yes,8.789929 -8.103027 165 9
2025-10-05T16:09:38,2025-09-09T20:32:38,HH494KGO,CHE0S7AFEG,21,no,no,piped,no,8.069121 -8.08318 469 4
2025-09-28T13:06:38,2025-09-12T09:21:38,HHRWLOEZ,CHS0F0EL36,23,yes,yes,well,no,6.812206 -3.137848 134 3
2025-11-26T16:09:38,2025-09-25T17:56:38,HHVQ95CT,CHOXLZ56OL,59,no,no,well,yes,9.577932 -7.238711 59 9
2025-09-10T16:45:38,2025-10-12T02:14:38,HHPEMMHJ,CHXAQA0G1N,51,no,no,well,no,8.039172 -6.923816 167 13
2025-09-06T09:54:38,2025-11-09T08:42:38,HHWGZWB6,CHOA74BO6A,9,no,yes,well,no,6.852606 -3.710328 89 9
