start,end,device_id,enumerator_id,region,clinic_id,respondent_id,age,gestational_weeks,hb_g_dl,iptp_given,weight_kg,height_cm,bmi,gps
2025-08-22T10:47:38,2025-08-03T21:25:38,android-devVM3H6,ENU-010,tonkpi,CLIN-018,ANCYX67TU5,18,31,11.5,no,75.2,172.5,,8.524052 -6.425374 372 14
2025-10-07T01:13:38,2025-10-21T13:57:38,android-devTYH52,ENU-020,gbeké,CLIN-039,ANCZ64RDBK,43,16,8.1,no,48.9,171.6,,8.373377 -4.14078 111 11
2025-09-24T17:58:38,2025-10-27T05:53:38,android-dev7BQPX,ENU-016,gbeké,CLIN-023,ANCKZO3K6L,20,23,8.3,yes,67.1,160.1,,5.680515 -6.312321 244 8
2025-08-02T20:48:38,2025-08-04T12:38:38,android-devFKNY4,ENU-024,tonkpi,CLIN-022,ANC2T11G9J,42,8,8.4,yes,60.8,176.2,,10.469167 -5.286709 82 7
2025-09-21T17:21:38,2025-08-12T12:31:38,android-dev8M16L,ENU-019,abidjan,CLIN-005,ANCFTD29ZY,16,24,11.8,no,68.0,146.0,,7.165723 -8.008499 33 8
2025-08-13T16:39:38,2025-09-13T01:23:38,android-devC6U09,ENU-010,abidjan,CLIN-025,ANC7A2QOI6,17,37,10.3,no,66.3,163.6,,7.812129 -3.164034 212 15
2025-10-27T13:35:38,2025-08-17T18:44:38,android-devN2M1W,ENU-014,sassandra,CLIN-015,ANCIWSZOHW,47,20,10.7,yes,60.9,154.0,,5.508846 -4.176025 229 6
2025-10-22T11:17:38,2025-11-09T06:28:38,android-dev38451,ENU-017,gbeké,CLIN-030,ANC82YY155,34,21,8.2,yes,67.2,161.6,,8.964125 -4.812869 25 3
2025-10-18T07:50:38,2025-08-10T03:18:38,android-devDD6JW,ENU-006,abidjan,CLIN-030,ANC00R6S5T,17,34,12.7,no,79.7,162.5,,6.749891 -3.73939 384 3
2025-08-19T16:33:38,2025-10-23T21:27:38,android-dev0WHB4,ENU-010,abidjan,CLIN-009,ANCZWEP6WL,26,20,9.6,no,49.6,148.5,,5.918866 -4.91895 80 4
2025-08-18T06:46:38,2025-09-26T08:16:38,android-devH49VC,ENU-016,tonkpi,CLIN-039,ANCM5TXGXL,31,17,13.0,no,88.4,162.9,,7.860989 -4.273115 329 15
2025-09-20T02:09:38,2025-11-27T18:42:38,android-devY3OLE,ENU-005,gbeké,CLIN-007,ANCEJRINJT,34,24,8.8,no,48.0,146.3,,9.705006 -3.673586 39 8
2025-09-15T01:17:38,2025-07-29T08:49:38,android-devNP5EK,ENU-022,tonkpi,CLIN-031,ANC400BF71,41,26,12.9,yes,51.3,145.5,,9.941617 -4.67497 227 8
2025-09-28T22:59:38,2025-08-29T07:07:38,android-dev8MAED,ENU-015,tonkpi,CLIN-005,ANC9PULHHJ,28,23,10.4,yes,69.9,174.6,,8.049642 -5.719937 58 3
2025-10-21T04:21:38,2025-08-22T07:42:38,android-devOQADG,ENU-023,tonkpi,CLIN-033,ANCATPAG6U,27,38,13.3,yes,82.0,175.3,,8.314934 -7.179142 168 8
2025-11-19T14:28:38,2025-09-26T23:09:38,android-devC8TY0,ENU-009,gbeké,CLIN-002,ANCGC056EQ,44,27,10.0,no,54.3,152.2,,7.216106 -3.986688 419 14
2025-09-16T11:21:38,2025-07-31T21:53:38,android-devPH3TZ,ENU-025,gbeké,CLIN-037,ANCFVSWNEF,25,9,8.4,yes,92.3,157.4,,7.690526 -4.696664 66 5
2025-08-31T13:18:38,2025-09-15T15:23:38,android-devO4GH9,ENU-019,abidjan,CLIN-001,ANC0ZH97CC,36,21,8.0,no,85.8,149.4,,6.575031 -4.44612 374 8
2025-11-04T00:17:38,2025-08-17T02:04:38,android-devVUPX9,ENU-023,tonkpi,CLIN-016,ANCQ5ZAYRP,34,35,13.1,no,88.1,162.1,,8.038791 -3.21597 160 5
2025-08-17T12:31:38,2025-09-21T16:11:38,android-dev2C2PB,ENU-014,abidjan,CLIN-031,ANC960X1W2,20,23,10.0,no,91.8,173.5,,6.499151 -7.236483 37 14
2025-10-09T23:35:38,2025-11-05T05:45:38,android-devLICEV,ENU-018,gbeké,CLIN-006,ANC7F41M0J,41,17,13.1,no,47.6,173.1,,8.756186 -5.695418 122 12
2025-10-04T08:21:38,2025-11-25T22:21:38,android-devL8CGW,ENU-002,abidjan,CLIN-007,ANC09T1NVN,29,32,14.9,no,81.8,149.3,,8.396777 -4.760519 110 5
2025-11-17T23:45:38,2025-08-14T01:36:38,android-devIY0AX,ENU-023,tonkpi,CLIN-039,ANCGUU6133,40,9,10.4,no,58.3,175.8,,5.352747 -7.263082 408 8
2025-08-15T08:35:38,2025-08-10T06:48:38,android-devQ32N5,ENU-008,abidjan,CLIN-019,ANCZPKRXZ8,42,9,14.0,no,78.2,165.0,,8.724482 -5.684071 278 8
2025-10-06T14:13:38,2025-11-02T04:04:38,android-devW5KB2,ENU-024,abidjan,CLIN-014,ANC7CNQKWP,33,33,9.2,yes,54.3,163.7,,10.068649 -6.369908 419 14
2025-10-14T19:16:38,2025-08-22T16:26:38,android-dev0MKXY,ENU-023,tonkpi,CLIN-001,ANCN8HT0YB,46,29,11.8,yes,87.0,159.0,,6.983846 -5.764825 399 15
2025-10-07T16:15:38,2025-10-01T23:46:38,android-dev7S0RP,ENU-010,abidjan,CLIN-032,ANCRFQ4YBJ,21,39,11.0,no,81.6,153.7,,8.90844 -4.080409 393 9
2025-10-14T05:00:38,2025-09-29T05:52:38,android-devRFNGL,ENU-004,abidjan,CLIN-013,ANCP376F8T,41,27,9.8,yes,76.0,161.6,,6.569108 -4.587907 43 4
2025-11-16T05:41:38,2025-09-14T01:33:38,android-devS6C9S,ENU-006,sassandra,CLIN-029,ANC80HU7R8,22,23,14.6,yes,73.5,148.1,,8.70025 -3.872294 411 14
2025-09-06T14:38:38,2025-12-10T03:21:38,android-devRSW0A,ENU-025,gbeké,CLIN-012,ANCHC7Y0M8,31,38,13.0,yes,89.3,154.4,,5.341424 -7.29581 290 11
2025-08-28T00:55:38,2025-10-22T23:16:38,android-devEXC5L,ENU-012,abidjan,CLIN-040,ANCZRZNIJA,22,17,14.5,no,82.5,166.3,,7.381835 -4.805908 223 15
2025-09-04T20:12:38,2025-08-16T02:02:38,android-dev9AOGG,ENU-005,sassandra,CLIN-014,ANCWH0IDEV,49,13,8.9,no,81.0,148.5,,9.777028 -4.643322 241 12
2025-10-18T16:44:38,2025-10-16T03:09:38,android-dev4GYHT,ENU-016,sassandra,CLIN-021,ANCFWYK451,38,21,11.9,no,90.8,164.9,,5.227756 -7.946646 35 8
2025-08-10T21:19:38,2025-09-14T23:32:38,android-devESALL,ENU-009,sassandra,CLIN-003,ANCQZSEMTT,16,18,8.6,yes,69.9,150.0,,9.215904 -6.202752 261 7
2025-10-06T09:42:38,2025-09-04T06:16:38,android-devWX5BQ,ENU-014,sassandra,CLIN-008,ANCKVASBV1,47,17,10.3,yes,92.8,170.3,,6.217503 -6.125874 245 15
2025-12-13T09:25:38,2025-09-25T18:47:38,android-devY7Y9S,ENU-008,tonkpi,CLIN-017,ANCPHACR3C,17,8,8.2,yes,61.2,159.6,,9.275225 -3.594265 295 12
2025-10-04T00:28:38,2025-09-22T15:17:38,android-dev6ZNZL,ENU-016,gbeké,CLIN-002,ANCTBZ7R3H,27,39,9.1,yes,92.6,147.9,,5.683462 -7.727742 241 4
2025-09-07T01:16:38,2025-09-16T17:14:38,android-dev3STTJ,ENU-008,tonkpi,CLIN-018,ANCUQ7UBEN,18,18,11.6,no,51.1,167.9,,9.206976 -3.804543 390 5
2025-10-14T20:08:38,2025-08-06T08:06:38,android-devMO6HJ,ENU-002,abidjan,CLIN-006,ANC9424NOB,23,29,12.3,yes,64.9,146.2,,7.154898 -7.724514 69 13
2025-11-01T00:59:38,2025-11-30T08:35:38,android-devBNX51,ENU-022,gbeké,CLIN-011,ANCHHESAI1,25,34,12.7,yes,90.3,176.9,,10.481191 -6.073445 275 5
2025-08-06T23:53:38,2025-09-10T10:55:38,android-devQOZK2,ENU-004,sassandra,CLIN-016,ANCUCR54VE,19,34,14.4,no,51.5,150.7,,7.538753 -6.884548 53 3
2025-08-20T12:23:38,2025-12-02T12:24:38,android-devL3NQW,ENU-018,gbeké,CLIN-010,ANC2FKODM2,27,14,10.3,no,79.5,161.1,,5.48618 -6.49574 87 3
2025-09-09T07:07:38,2025-11-03T19:56:38,android-dev7GPW4,ENU-014,sassandra,CLIN-019,ANCZEICKUZ,30,8,13.4,no,77.7,164.8,,5.865975 -7.639132 496 5
2025-10-10T23:52:38,2025-07-31T19:25:38,android-dev4I53J,ENU-002,gbeké,CLIN-033,ANCVVY85T1,49,34,11.9,no,87.6,164.6,,8.140125 -6.114492 62 10
2025-09-09T16:28:38,2025-09-06T12:59:38,android-dev08PWQ,ENU-014,tonkpi,CLIN-009,ANCYYIHK0Y,16,32,15.2,no,90.6,174.4,,9.932257 -8.190663 269 5
2025-11-19T23:00:38,2025-09-09T21:07:38,android-devXNEEE,ENU-019,tonkpi,CLIN-015,ANCCB2K4RR,27,16,9.7,no,64.6,175.3,,5.247907 -3.569215 435 12
2025-10-09T06:45:38,2025-10-28T19:50:38,android-devICIL3,ENU-017,gbeké,CLIN-030,ANCVFKC8C6,34,36,10.8,no,80.9,165.4,,9.064146 -3.036032 187 9
2025-09-27T09:04:38,2025-11-20T08:50:38,android-devWC64U,ENU-003,sassandra,CLIN-007,ANCD1HL64R,47,29,12.5,no,90.6,148.0,,10.672798 -5.807853 322 12
2025-10-06T17:42:38,2025-10-26T10:47:38,android-devRWO1D,ENU-019,tonkpi,CLIN-009,ANCWBETSJ0,41,26,12.8,yes,93.3,161.4,,8.797958 -6.981945 43 10
2025-08-30T06:03:38,2025-09-26T10:42:38,android-devQLD3Y,ENU-017,sassandra,CLIN-021,ANCIQACAAE,42,36,15.1,yes,71.6,154.0,,10.047131 -7.477681 289 4
2025-10-07T13:55:38,2025-10-26T08:29:38,android-devQNZTE,ENU-006,gbeké,CLIN-032,ANCCW489QQ,43,14,12.2,yes,76.0,158.8,,5.384845 -6.767828 153 12
2025-10-21T04:12:38,2025-10-10T23:02:38,android-dev4EY3T,ENU-020,abidjan,CLIN-021,ANCQX4TX1D,31,35,10.2,no,90.8,169.9,,8.235896 -7.51157 337 9
2025-08-07T10:11:38,2025-10-18T03:38:38,android-devO7SPB,ENU-001,tonkpi,CLIN-021,ANCQV5NYOM,29,33,11.2,no,59.8,166.0,,9.674569 -7.135218 399 13
2025-08-02T04:31:38,2025-10-05T05:45:38,android-devBOYD0,ENU-006,tonkpi,CLIN-021,ANCZS3FJ32,29,24,10.8,yes,88.0,161.6,,6.02189 -5.976232 333 6
2025-11-08T11:05:38,2025-09-21T21:50:38,android-devBHTK3,ENU-009,tonkpi,CLIN-005,ANCL6TPFWL,49,9,13.1,no,58.4,155.7,,10.387272 -3.438127 117 8
2025-09-23T01:34:38,2025-09-06T19:36:38,android-devHVQLF,ENU-020,sassandra,CLIN-011,ANCIT922Z9,47,40,11.4,no,81.8,161.1,,10.337159 -4.454144 500 10
2025-08-02T22:37:38,2025-09-05T16:08:38,android-devXKY8J,ENU-008,gbeké,CLIN-037,ANCIA8KE9A,29,18,9.0,yes,59.8,174.3,,5.662485 -6.754223 102 7
2025-07-30T08:33:38,2025-10-20T15:07:38,android-devQ9R87,ENU-014,gbeké,CLIN-003,ANC8F45TU3,31,23,13.2,no,50.9,156.3,,8.180878 -3.483412 386 7
2025-09-25T10:00:38,2025-08-28T08:29:38,android-devBV6NU,ENU-019,sassandra,CLIN-032,ANC1P0FE7G,47,34,9.8,yes,85.6,157.3,,8.807507 -6.445784 307 3
2025-11-16T17:16:38,2025-11-23T06:40:38,android-devXKZOA,ENU-018,gbeké,CLIN-010,ANC6RL8528,28,40,10.4,no,65.4,160.4,,5.449436 -4.439891 80 11
2025-11-04T03:21:38,2025-09-12T15:48:38,android-devJFPSK,ENU-001,sassandra,CLIN-015,ANC4YWRSVN,24,36,9.8,no,60.9,171.3,,5.455611 -3.958272 7 5
2025-12-05T03:34:38,2025-10-01T08:24:38,android-dev9P6FS,ENU-025,abidjan,CLIN-027,ANCZZVPMTZ,15,21,10.0,yes,54.1,166.6,,7.750567 -3.102491 30 7
2025-11-12T04:01:38,2025-12-01T14:24:38,android-dev983NP,ENU-025,gbeké,CLIN-019,ANCJM0BH1X,39,35,14.8,no,83.8,149.9,,5.43045 -7.739305 263 12
2025-08-19T04:42:38,2025-10-13T01:47:38,android-devQZ80U,ENU-019,gbeké,CLIN-014,ANCSC4S87Y,32,28,14.0,yes,93.8,164.9,,7.396323 -4.067924 181 14
2025-10-17T15:08:38,2025-11-13T18:16:38,android-dev3EIIP,ENU-001,abidjan,CLIN-032,ANCMDB9JYA,17,21,12.6,no,66.2,166.0,,8.185306 -3.758771 261 7
2025-10-23T01:38:38,2025-08-06T15:05:38,android-dev6M7U9,ENU-024,tonkpi,CLIN-028,ANCZKAB4SY,25,22,11.0,no,59.8,177.8,,10.67215 -7.249035 284 12
2025-11-04T02:33:38,2025-10-30T00:51:38,android-dev2ANJM,ENU-011,abidjan,CLIN-039,ANCU381IIQ,43,25,8.7,no,84.6,157.3,,6.60637 -5.994064 11 14
2025-11-10T20:17:38,2025-10-12T16:57:38,android-devT4YX5,ENU-012,tonkpi,CLIN-031,ANC4PU2DH9,48,25,14.9,yes,51.6,177.8,,10.214926 -4.472764 297 3
2025-10-25T11:56:38,2025-07-27T22:44:38,android-devGOMZN,ENU-013,gbeké,CLIN-017,ANCOJMGKTF,48,33,13.4,no,48.9,152.2,,8.561549 -3.97071 189 10
2025-09-30T07:34:38,2025-11-13T22:47:38,android-devW4PMW,ENU-007,sassandra,CLIN-023,ANCZVNF0AO,46,37,14.4,yes,47.5,145.1,,10.469956 -6.517817 480 9
2025-08-22T22:22:38,2025-10-26T13:29:38,android-devJ8HBV,ENU-010,abidjan,CLIN-030,ANCRSMTDSB,21,14,13.0,yes,51.3,146.4,,8.743613 -3.574036 370 6
2025-09-02T16:56:38,2025-12-08T00:57:38,android-dev7BNT2,ENU-018,sassandra,CLIN-031,ANCTEXFGS0,48,30,12.8,yes,51.9,162.1,,9.198972 -5.396748 492 12
2025-09-14T17:31:38,2025-09-19T05:13:38,android-devFNVHJ,ENU-001,gbeké,CLIN-020,ANC45Q27I3,30,35,11.7,no,73.6,161.6,,5.318601 -7.853015 31 11
2025-08-29T12:53:38,2025-09-13T10:46:38,android-devZNF8M,ENU-022,sassandra,CLIN-002,ANCNTGY214,20,37,8.7,no,81.5,153.2,,10.04715 -7.221138 209 5
2025-09-24T00:39:38,2025-09-16T20:06:38,android-devUDALA,ENU-020,tonkpi,CLIN-002,ANCTBYE2ZO,42,13,14.0,yes,94.4,175.0,,6.824377 -3.271813 234 11
2025-08-08T20:57:38,2025-09-09T22:49:38,android-devTZOHL,ENU-024,sassandra,CLIN-033,ANC4FFQZCX,42,18,14.6,no,46.2,146.7,,7.826231 -3.146348 403 15
2025-08-19T02:45:38,2025-11-13T12:28:38,android-dev9F4KW,ENU-001,abidjan,CLIN-012,ANCTJCULOO,34,30,8.7,yes,54.0,156.1,,6.799783 -7.001234 284 10
2025-11-20T17:10:38,2025-10-19T06:30:38,android-devPXSRT,ENU-004,tonkpi,CLIN-025,ANC6BK9QH1,37,20,14.6,no,61.9,155.1,,8.032557 -4.724665 34 9
2025-10-25T12:09:38,2025-09-22T16:47:38,android-devKYM29,ENU-013,gbeké,CLIN-032,ANCMX3F6ZS,39,36,8.2,no,82.4,151.7,,6.318256 -5.501388 104 4
2025-11-09T02:39:38,2025-12-12T19:01:38,android-dev44W6W,ENU-001,sassandra,CLIN-029,ANCGSQ91J9,37,37,10.7,yes,78.7,168.8,,10.784837 -3.398457 205 14
2025-09-06T02:04:38,2025-08-19T03:41:38,android-devWK0C6,ENU-013,gbeké,CLIN-014,ANCQFA2MWK,22,23,11.2,yes,61.2,161.3,,6.268643 -5.255412 259 12
2025-09-29T16:24:38,2025-07-31T19:28:38,android-devKVGYZ,ENU-011,sassandra,CLIN-036,ANCTEMW707,38,26,13.5,no,92.2,145.7,,9.553424 -5.73488 487 14
2025-11-14T19:47:38,2025-08-20T18:04:38,android-devXS07W,ENU-008,sassandra,CLIN-001,ANCESLIJCO,40,18,8.5,yes,55.9,164.3,,5.934639 -5.879566 77 11
2025-08-13T02:16:38,2025-07-28T10:37:38,android-dev3VX0H,ENU-012,gbeké,CLIN-003,ANC32RAVLA,30,33,11.2,no,48.0,150.8,,6.404858 -5.007871 172 9
2025-10-05T13:16:38,2025-11-18T01:45:38,android-devDT8XJ,ENU-023,abidjan,CLIN-003,ANCZM2B8M5,28,39,15.4,no,48.2,146.9,,10.727448 -4.463397 494 6
2025-12-06T09:33:38,2025-12-07T11:38:38,android-devT9GR8,ENU-018,abidjan,CLIN-016,ANCLOR2R4T,24,40,10.1,no,73.5,177.9,,9.113569 -3.472056 144 9
2025-08-28T23:14:38,2025-10-17T04:27:38,android-devI805X,ENU-021,tonkpi,CLIN-001,ANCTXHHH7J,45,30,10.2,yes,72.8,162.7,,8.633708 -5.623149 34 7
2025-08-17T15:24:38,2025-08-18T02:08:38,android-devEHEA7,ENU-025,tonkpi,CLIN-016,ANC71CPXAV,49,38,8.2,no,88.4,165.7,,5.55832 -4.005089 234 9
2025-09-03T07:27:38,2025-08-31T06:54:38,android-devEJRGC,ENU-007,gbeké,CLIN-033,ANCOC7R7R1,17,33,12.6,no,63.5,158.9,,5.870515 -3.65423 146 8
2025-11-10T06:40:38,2025-10-30T14:49:38,android-devHWIOZ,ENU-023,gbeké,CLIN-022,ANCQJSCFSO,48,8,10.8,no,70.5,174.3,,10.459892 -6.799441 63 11
2025-07-30T17:25:38,2025-09-20T08:07:38,android-dev4GMIA,ENU-005,abidjan,CLIN-018,ANCHDQFK7Q,33,14,12.1,yes,52.1,173.9,,9.859218 -3.384684 292 6
2025-10-20T20:37:38,2025-10-22T07:58:38,android-devA2MC5,ENU-017,abidjan,CLIN-011,ANCQRL03SV,46,38,11.2,yes,93.7,170.4,,9.853474 -3.460947 232 9
2025-09-29T14:42:38,2025-08-29T09:55:38,android-devGN1VE,ENU-001,gbeké,CLIN-030,ANCNL30GVI,17,31,15.5,yes,67.8,168.3,,9.523337 -5.839846 149 9
2025-09-13T05:03:38,2025-09-15T20:34:38,android-dev31GEY,ENU-018,abidjan,CLIN-026,ANCJII1EYJ,40,36,10.1,yes,89.8,171.3,,5.792583 -5.625768 274 10
2025-08-12T10:08:38,2025-11-13T06:31:38,android-devJHRJU,ENU-023,abidjan,CLIN-002,ANCB2OMGUV,23,31,11.5,no,72.4,148.3,,7.171963 -3.92503 405 13
2025-09-06T00:19:38,2025-08-29T02:24:38,android-devDVW7C,ENU-018,gbeké,CLIN-009,ANCFFUA7S8,49,28,9.5,yes,83.1,177.0,,10.130545 -4.040625 258 5
2025-11-25T00:46:38,2025-09-22T18:33:38,android-devT5ZGL,ENU-007,abidjan,CLIN-020,ANCIBCUIDI,15,28,9.0,yes,57.3,146.8,,9.165033 -7.825704 320 8
2025-08-06T08:57:38,2025-11-07T13:15:38,android-devT3F6V,ENU-004,tonkpi,CLIN-017,ANCVLYB1PE,34,14,13.6,no,46.3,165.4,,9.238993 -7.803325 229 8
2025-08-15T07:30:38,2025-11-21T08:15:38,android-dev3WAPE,ENU-024,gbeké,CLIN-039,ANC968KEIQ,18,8,14.5,yes,49.3,174.8,,9.108744 -3.915489 373 10
2025-10-22T12:54:38,2025-12-05T21:52:38,android-devFQ9CQ,ENU-008,tonkpi,CLIN-039,ANCJK014IM,36,31,8.4,no,87.7,170.6,,10.798981 -4.529566 73 13
2025-09-09T14:45:38,2025-09-01T16:16:38,android-devC86J2,ENU-024,sassandra,CLIN-034,ANCO0BS7RX,26,23,10.9,no,82.3,145.0,,6.809509 -6.391132 275 3
2025-11-12T10:45:38,2025-09-03T15:34:38,android-devJC8F0,ENU-002,abidjan,CLIN-019,ANCS5BEQHY,29,37,9.1,yes,55.3,163.3,,10.775084 -5.782374 460 4
2025-10-27T12:36:38,2025-09-05T20:51:38,android-devZOAFG,ENU-019,gbeké,CLIN-010,ANC8BZ0E3B,30,28,10.0,no,83.9,168.9,,9.427784 -3.530832 360 4
2025-09-07T02:41:38,2025-10-12T18:57:38,android-devJUM1Q,ENU-003,gbeké,CLIN-017,ANCKG6KKNR,45,31,14.3,yes,89.5,165.6,,7.001076 -3.155746 369 6
2025-11-22T16:30:38,2025-09-17T00:47:38,android-devM4S67,ENU-016,gbeké,CLIN-024,ANCMP630X5,47,34,13.0,no,88.5,145.5,,6.09346 -3.758826 159 8
2025-10-15T21:57:38,2025-11-25T13:48:38,android-dev546YX,ENU-022,tonkpi,CLIN-017,ANCYIB7QUX,20,34,10.2,no,46.5,157.8,,8.621757 -4.817063 419 13
2025-10-13T08:46:38,2025-09-19T20:04:38,android-devL008Z,ENU-008,gbeké,CLIN-018,ANC2T9EC2J,45,8,8.9,yes,64.6,157.5,,9.851864 -7.44923 184 6
2025-12-04T01:35:38,2025-10-09T11:04:38,android-devSKHJU,ENU-007,gbeké,CLIN-003,ANCE7ZVMKI,42,40,11.1,yes,64.0,159.5,,5.45867 -3.398171 112 4
2025-10-29T22:21:38,2025-10-08T14:20:38,android-dev7D1JD,ENU-022,tonkpi,CLIN-011,ANCW5I8CJL,41,9,9.0,no,47.4,154.8,,10.232999 -4.089639 41 13
2025-09-26T02:56:38,2025-09-19T00:57:38,android-dev546QE,ENU-012,sassandra,CLIN-003,ANC707U4MF,41,40,10.0,yes,60.4,169.6,,5.208858 -5.801732 256 9
2025-10-03T12:06:38,2025-08-29T02:45:38,android-devHO526,ENU-012,gbeké,CLIN-019,ANC3WYUDMV,45,32,8.8,yes,91.1,155.0,,10.44816 -4.787245 304 7
2025-11-15T00:31:38,2025-09-11T08:01:38,android-devIIDH8,ENU-006,gbeké,CLIN-023,ANC20Z5B55,22,17,14.9,yes,73.6,175.9,,8.101388 -4.916295 427 5
2025-08-15T19:03:38,2025-12-08T15:57:38,android-devYB1WF,ENU-015,gbeké,CLIN-025,ANCMDKLYBA,25,21,10.9,no,49.5,163.2,,5.42356 -3.625996 326 6
2025-08-27T19:34:38,2025-08-16T10:43:38,android-devT8AXQ,ENU-002,abidjan,CLIN-027,ANCV6EOI94,34,29,10.7,yes,73.0,176.4,,6.850996 -7.598977 38 3
2025-10-15T18:32:38,2025-10-28T08:17:38,android-dev4XPFH,ENU-003,tonkpi,CLIN-015,ANCKS3RCRP,19,34,10.9,no,64.9,163.0,,7.658809 -3.321654 303 14
2025-08-07T12:09:38,2025-11-14T06:59:38,android-dev798BO,ENU-013,sassandra,CLIN-018,ANCB2XKXAQ,45,18,8.6,yes,49.7,171.9,,5.874052 -6.54548 360 4
2025-11-28T01:11:38,2025-08-26T16:59:38,android-devGC39C,ENU-018,sassandra,CLIN-017,ANCRJ39DA8,29,28,14.8,no,65.9,172.0,,8.787656 -5.520764 214 8
2025-08-19T13:24:38,2025-09-04T03:33:38,android-devBV643,ENU-019,gbeké,CLIN-011,ANCKYYNDMJ,19,26,14.6,no,93.9,158.9,,8.622879 -5.419251 370 5
2025-11-17T09:31:38,2025-08-10T21:57:38,android-devFBFBD,ENU-014,sassandra,CLIN-023,ANC036IRFV,33,39,12.7,no,90.2,160.1,,7.420225 -6.062548 147 14
2025-11-21T05:52:38,2025-10-28T01:29:38,android-devT4F62,ENU-014,gbeké,CLIN-027,ANCL48ANF3,19,20,11.2,yes,81.4,146.4,,7.263524 -7.398942 144 11
