start,end,site_id,child_id,age_months,sex,muac_mm,edema,nutrition_class,gps
2025-08-03T14:02:38,2025-09-22T14:42:38,SITE-048,MU24D0FVPR,15,male,135.4,no,Normal,6.596945 -6.691047 29 4
2025-09-15T14:06:38,2025-10-15T03:18:38,SITE-051,MU4JHA1U1G,7,male,142.8,no,Normal,6.872511 -6.109924 157 3
2025-10-14T06:00:38,2025-11-05T11:22:38,SITE-020,MU657S5BGR,29,male,138.2,no,Normal,6.237614 -4.309035 30 8
2025-09-08T07:47:38,2025-10-31T11:04:38,SITE-017,MUMVXU0PD8,43,male,119.5,no,MAM,9.89602 -3.582838 285 6
2025-09-27T18:47:38,2025-08-15T05:03:38,SITE-025,MU2G24NSIQ,16,female,116.9,no,MAM,8.296296 -4.908375 239 3
2025-10-19T05:14:38,2025-10-18T00:05:38,SITE-026,MU31J5NVEE,47,female,129.5,no,Normal,6.63289 -4.667415 274 8
2025-11-14T03:41:38,2025-08-11T18:25:38,SITE-026,MU35KY3BBS,45,female,120.2,no,MAM,7.743308 -6.938141 388 13
2025-11-09T03:18:38,2025-09-30T10:13:38,SITE-024,MUPPTUQCJU,29,male,138.4,no,Normal,7.418116 -6.236475 35 4
2025-10-25T20:26:38,2025-08-14T12:08:38,SITE-038,MU7U9HI3ZJ,21,male,146.1,no,Normal,10.538839 -6.343619 31 10
2025-09-01T20:12:38,2025-10-19T00:18:38,SITE-018,MU2QJNIH6F,31,male,120.0,no,MAM,9.497848 -5.985046 312 15
2025-08-20T19:09:38,2025-09-13T21:03:38,SITE-037,MUMEMCRMST,10,female,134.2,no,Normal,10.660799 -3.697033 285 4
2025-10-25T19:33:38,2025-09-05T00:17:38,SITE-045,MUMDV8FR6G,26,female,120.2,no,MAM,9.300778 -4.281117 386 7
2025-11-14T16:33:38,2025-08-24T15:32:38,SITE-020,MUU2LMQYRC,28,male,134.7,no,Normal,10.494095 -7.583365 120 13
2025-09-07T10:27:38,2025-09-17T07:30:38,SITE-028,MUITAO30MA,9,male,135.2,no,Normal,9.00412 -6.220167 399 11
2025-11-13T16:48:38,2025-12-11T18:46:38,SITE-010,MUOMAFP940,59,female,126.6,no,Normal,5.22608 -4.104021 178 12
2025-07-30T22:42:38,2025-08-21T01:10:38,SITE-044,MUNXCTAVRJ,33,male,121.6,no,MAM,5.80366 -6.563035 298 10
2025-08-22T12:56:38,2025-09-19T15:05:38,SITE-006,MUUBLSHV6R,28,female,99.4,no,SAM,5.305359 -3.174214 71 13
2025-10-08T07:16:38,2025-10-07T10:57:38,SITE-045,MUJZENAA8R,42,female,107.2,no,SAM,5.302383 -3.305569 357 3
2025-09-08T23:19:38,2025-08-15T14:50:38,SITE-013,MU0OURISXJ,50,female,116.5,no,MAM,8.848546 -7.448344 223 13
2025-12-06T12:43:38,2025-11-30T17:49:38,SITE-018,MUFQDJVHPJ,32,male,135.0,no,Normal,5.901127 -5.339189 13 15
2025-11-15T11:50:38,2025-10-23T13:49:38,SITE-019,MUO3MSD77N,50,male,100.7,no,SAM,9.806743 -3.214836 42 15
2025-12-09T01:51:38,2025-09-26T13:51:38,SITE-006,MU3SH1J8YH,33,male,134.9,no,Normal,8.514979 -6.852425 396 13
2025-10-29T20:40:38,2025-08-24T04:25:38,SITE-018,MULNNJ0AO2,35,male,141.0,no,Normal,8.808862 -7.291075 28 13
2025-11-11T18:00:38,2025-08-16T06:25:38,SITE-021,MU13F38NAA,44,male,139.7,no,Normal,6.790158 -3.520054 214 15
2025-12-02T22:17:38,2025-11-07T23:13:38,SITE-031,MUJHV0LMBV,41,female,103.7,no,SAM,7.111108 -5.957207 75 8
2025-10-08T05:36:38,2025-11-19T03:24:38,SITE-024,MUH7CG2J0V,47,male,102.4,no,SAM,7.726523 -3.571965 80 8
2025-11-17T11:03:38,2025-10-21T08:51:38,SITE-027,MUBK60VGWK,54,female,104.5,no,SAM,8.350884 -5.144437 17 10
2025-10-19T19:03:38,2025-10-18T21:19:38,SITE-029,MU3Q1J4VUM,50,male,139.1,no,Normal,5.425343 -3.359045 133 14
2025-08-18T03:46:38,2025-08-10T08:11:38,SITE-002,MUDGGXM1H4,20,male,97.2,no,SAM,6.168021 -4.622285 319 9
2025-10-20T16:31:38,2025-08-12T04:43:38,SITE-029,MUIABT8YBB,6,male,109.7,yes,SAM,6.036957 -4.936738 108 5
2025-09-23T18:43:38,2025-10-01T07:53:38,SITE-053,MUGUDNLW5Y,23,male,105.0,no,SAM,7.036238 -7.902416 90 13
2025-11-19T10:30:38,2025-08-01T03:03:38,SITE-043,MUMPXYWKW4,32,female,124.9,no,MAM,6.113595 -3.013526 384 9
2025-11-25T22:08:38,2025-08-02T19:48:38,SITE-033,MUKPZGRVP8,14,female,137.0,no,Normal,5.760288 -7.399841 268 14
2025-10-25T21:41:38,2025-09-23T23:18:38,SITE-036,MU8615N72X,7,female,125.8,no,Normal,7.941909 -7.988142 259 9
2025-12-02T20:42:38,2025-09-07T09:04:38,SITE-036,MU94DR46EM,50,male,95.1,no,SAM,7.485503 -4.861399 380 15
2025-11-25T12:14:38,2025-10-23T02:52:38,SITE-019,MURNXGRKF9,55,male,133.8,no,Normal,8.743856 -7.476101 168 10
2025-10-15T10:33:38,2025-11-03T00:17:38,SITE-030,MUYQWGFPDC,43,male,123.5,no,MAM,9.956726 -4.600116 373 10
2025-08-30T06:10:38,2025-08-30T05:32:38,SITE-043,MU1XHKGD9B,13,male,103.7,no,SAM,8.423922 -3.058303 301 9
2025-08-11T07:53:38,2025-11-30T07:59:38,SITE-036,MUZFO12SPI,26,female,125.6,no,Normal,8.381198 -3.116044 383 9
2025-08-13T16:22:38,2025-08-13T10:39:38,SITE-014,MUK0UOIOBP,7,male,105.3,no,SAM,5.216145 -6.986282 440 10
2025-07-30T03:15:38,2025-10-06T02:48:38,SITE-036,MUI83ZN4DA,19,female,125.6,no,Normal,8.407877 -7.464055 369 14
2025-08-18T12:14:38,2025-11-01T20:27:38,SITE-043,MUAFJAA14Y,24,female,104.2,no,SAM,9.647956 -4.608617 122 3
2025-09-06T04:59:38,2025-08-13T22:08:38,SITE-038,MUDGB1DC72,6,female,127.2,no,Normal,8.502628 -7.796104 25 12
2025-08-07T22:31:38,2025-09-17T23:49:38,SITE-023,MUBGT741N2,58,female,101.9,no,SAM,5.888825 -6.67757 281 3
2025-12-01T09:55:38,2025-09-07T10:21:38,SITE-005,MUHU8B8COW,31,female,114.2,no,SAM,7.321787 -6.568979 236 9
2025-11-09T19:46:38,2025-11-17T13:34:38,SITE-014,MU4WSLEDB7,37,male,96.4,no,SAM,7.078207 -6.134934 265 10
2025-11-30T01:28:38,2025-08-03T07:04:38,SITE-013,MUUO4R1OWE,35,female,97.8,no,SAM,9.103179 -4.692694 35 11
2025-09-23T04:30:38,2025-10-18T00:29:38,SITE-021,MUA78Q9JFC,21,female,141.7,no,Normal,6.181626 -7.643303 175 7
2025-09-29T11:16:38,2025-10-21T02:11:38,SITE-008,MUQFGG3W08,44,male,102.1,no,SAM,9.037185 -6.719288 11 13
2025-10-23T13:26:38,2025-10-07T10:01:38,SITE-029,MUXSXNNWCN,12,male,108.0,no,SAM,6.769789 -6.982859 1 8
2025-10-20T09:04:38,2025-12-12T18:09:38,SITE-028,MUNOYUOITW,11,female,144.0,no,Normal,6.556105 -3.082624 38 14
2025-11-24T09:41:38,2025-10-02T00:45:38,SITE-036,MUU5QVNIUN,47,female,97.0,no,SAM,9.157277 -7.261398 61 7
2025-10-10T00:41:38,2025-10-27T04:31:38,SITE-038,MUBOAPRU9H,11,male,134.6,no,Normal,6.588826 -8.041912 412 13
2025-10-29T00:13:38,2025-09-27T06:38:38,SITE-016,MUDASWVEY6,56,male,123.4,no,MAM,7.188813 -6.551423 173 10
2025-10-16T06:42:38,2025-09-08T01:29:38,SITE-044,MUG0FBD2F4,30,female,103.9,no,SAM,10.131848 -7.193773 201 13
2025-10-15T04:27:38,2025-11-01T14:05:38,SITE-006,MUKY2YTAGT,27,female,146.5,no,Normal,9.492055 -5.183294 13 8
2025-07-31T17:18:38,2025-12-06T15:18:38,SITE-014,MU8NJQRKC8,16,female,137.0,no,Normal,8.301471 -7.566395 152 9
2025-11-19T04:01:38,2025-12-08T02:00:38,SITE-044,MUU6AE9PAD,54,male,147.1,no,Normal,9.875767 -7.564457 433 15
2025-10-17T08:03:38,2025-11-19T12:04:38,SITE-003,MUB3002FI0,29,male,116.0,no,MAM,5.420075 -4.183027 141 9
2025-10-08T00:04:38,2025-11-11T16:17:38,SITE-035,MURODAN4JI,34,female,102.7,no,SAM,6.094892 -5.720222 99 15
2025-08-20T01:25:38,2025-08-04T06:32:38,SITE-032,MUG2ZAMKNY,44,female,117.7,no,MAM,7.32273 -7.284228 123 6
2025-09-01T17:36:38,2025-08-10T23:26:38,SITE-034,MU1EVADF7H,56,female,125.2,no,Normal,9.990677 -3.998426 264 14
2025-10-12T03:03:38,2025-10-01T10:05:38,SITE-011,MUS6RCFDRG,49,female,145.6,no,Normal,7.872977 -4.86029 349 15
2025-10-25T12:12:38,2025-11-18T11:51:38,SITE-026,MU2I919NUP,34,female,149.2,no,Normal,8.827115 -6.643652 336 5
2025-08-18T20:26:38,2025-09-06T07:39:38,SITE-021,MUASSS289C,55,female,99.0,no,SAM,10.628692 -5.795083 407 15
2025-08-31T16:44:38,2025-09-22T16:00:38,SITE-031,MU3MCW2U29,36,female,134.1,no,Normal,8.506428 -5.863885 171 9
2025-10-18T21:55:38,2025-09-26T01:43:38,SITE-040,MU1ZNL9GZ1,32,male,107.3,no,SAM,8.172252 -8.032851 3 4
2025-08-15T16:05:38,2025-09-02T10:03:38,SITE-003,MUPEFBV9BM,42,female,136.3,no,Normal,7.704775 -3.918985 20 3
2025-11-17T21:29:38,2025-10-28T00:32:38,SITE-053,MU9T6S5ZJ0,51,male,128.0,no,Normal,7.141497 -7.546651 303 8
2025-09-19T23:56:38,2025-12-11T05:22:38,SITE-024,MUI2XQAWFJ,23,female,134.0,no,Normal,6.322904 -6.535446 298 5
2025-09-30T13:12:38,2025-12-05T12:04:38,SITE-030,MU3802WX4H,30,male,137.4,no,Normal,5.859146 -3.046785 80 15
2025-12-08T22:49:38,2025-09-28T01:49:38,SITE-047,MUHFXX4R41,31,female,97.6,no,SAM,9.848791 -6.406722 447 11
2025-12-05T11:14:38,2025-10-13T22:01:38,SITE-017,MUMX1P3CZ5,50,male,104.7,no,SAM,6.452007 -3.653535 69 5
2025-09-30T23:35:38,2025-08-24T00:16:38,SITE-004,MU07SL86KI,59,male,138.4,no,Normal,6.999758 -5.655732 406 12
2025-09-07T12:06:38,2025-11-10T03:27:38,SITE-043,MU18F1JJYW,37,female,147.4,no,Normal,7.238314 -4.085709 279 13
2025-10-03T22:54:38,2025-12-13T03:50:38,SITE-016,MUBJNBVM6A,18,female,116.4,no,MAM,5.517807 -5.666 464 5
2025-08-23T04:40:38,2025-10-27T13:35:38,SITE-055,MUM3QMCIJU,45,female,95.4,no,SAM,8.91367 -7.273536 213 6
2025-08-06T17:09:38,2025-10-09T18:24:38,SITE-022,MUY23246W2,9,female,149.0,no,Normal,5.530159 -5.424582 189 9
2025-10-20T01:26:38,2025-11-01T03:46:38,SITE-016,MUBFT0EV1H,15,male,106.2,no,SAM,10.340572 -5.138238 383 4
2025-11-20T11:27:38,2025-10-26T05:59:38,SITE-051,MUCFG53ILQ,25,female,118.2,no,MAM,9.459355 -4.019422 413 14
2025-11-15T16:38:38,2025-09-10T04:56:38,SITE-016,MUTR67020W,58,female,136.7,no,Normal,5.623754 -7.581722 497 7
2025-10-25T06:16:38,2025-08-24T01:09:38,SITE-025,MUA46KQR1X,42,female,149.5,no,Normal,6.773952 -6.302803 483 9
2025-10-26T10:39:38,2025-09-08T00:18:38,SITE-027,MUW2U01CRQ,49,male,114.2,no,SAM,6.428692 -3.746166 360 9
2025-11-01T19:54:38,2025-08-17T11:36:38,SITE-028,MUS8QRCQ5I,52,female,122.3,no,MAM,8.083198 -5.521929 346 5
2025-08-02T21:25:38,2025-09-04T02:42:38,SITE-035,MUP4OKCAUN,16,male,118.6,yes,SAM,8.710084 -3.088135 59 9
2025-10-05T04:25:38,2025-09-16T05:11:38,SITE-029,MUOFCR2SQE,43,male,106.2,no,SAM,5.274309 -3.356516 260 14
2025-07-29T07:06:38,2025-11-28T09:46:38,SITE-008,MUF9X5ADDC,29,male,113.6,no,SAM,5.899609 -7.977141 495 12
2025-11-28T08:41:38,2025-09-04T12:05:38,SITE-025,MULZG1W5D6,50,male,125.2,no,Normal,6.753356 -3.80984 156 3
2025-10-06T09:20:38,2025-09-17T15:55:38,SITE-039,MU1MGJ10SC,55,male,116.4,no,MAM,6.300835 -5.509547 67 10
2025-10-27T02:57:38,2025-08-26T14:27:38,SITE-030,MU4HQMM0ZR,54,male,136.3,no,Normal,5.251165 -3.947936 348 3
2025-11-03T11:03:38,2025-07-28T16:54:38,SITE-005,MULP98GDZM,44,female,109.8,yes,SAM,8.56461 -6.006311 174 8
2025-11-07T10:07:38,2025-12-02T10:03:38,SITE-017,MU15QW3L8T,45,male,142.9,no,Normal,8.289938 -3.461841 313 3
2025-08-21T16:05:38,2025-10-29T18:02:38,SITE-030,MUQQUV8TBO,47,female,141.9,no,Normal,5.649162 -4.970195 237 14
2025-10-30T01:48:38,2025-11-13T02:49:38,SITE-033,MU89EA9QZ8,8,male,108.9,no,SAM,8.982017 -6.915768 217 3
2025-11-19T12:04:38,2025-08-26T18:15:38,SITE-041,MUDCNFYPFU,35,female,121.9,no,MAM,10.495802 -6.456693 12 12
2025-09-26T21:21:38,2025-08-14T12:35:38,SITE-024,MU77EUEZLH,58,female,99.9,no,SAM,7.549734 -6.769484 49 15
2025-08-14T19:27:38,2025-10-07T20:58:38,SITE-024,MU87QPO58U,16,male,101.3,no,SAM,5.634465 -5.706933 74 10
2025-12-06T22:39:38,2025-09-20T11:43:38,SITE-045,MUCX5KF6ZC,23,female,137.1,yes,SAM,9.255971 -3.795888 452 11
2025-09-30T14:26:38,2025-10-12T23:12:38,SITE-033,MU8RF7MIUH,49,male,97.5,no,SAM,10.171458 -6.413003 141 14
2025-08-21T15:56:38,2025-09-30T01:38:38,SITE-043,MUHPGQ3ZYH,59,female,126.0,no,Normal,10.083822 -4.558938 32 11
2025-11-13T09:39:38,2025-09-22T14:59:38,SITE-050,MU3R9R99KM,58,male,105.0,no,SAM,8.790314 -5.50229 309 7
2025-10-26T05:28:38,2025-09-28T22:52:38,SITE-042,MUL7VFGE1I,23,male,126.9,no,Normal,8.939465 -6.660027 192 7
2025-12-07T12:16:38,2025-12-03T21:16:38,SITE-030,MUY1RWK221,59,male,147.3,no,Normal,10.490523 -7.716162 453 4
2025-11-18T15:24:38,2025-09-11T21:10:38,SITE-015,MU4MT0971O,48,male,124.1,no,MAM,10.319325 -4.561044 202 14
2025-07-30T16:13:38,2025-11-29T21:30:38,SITE-023,MUR6C2LYT4,42,female,117.8,no,MAM,9.090194 -7.34758 123 7
2025-11-07T07:19:38,2025-11-02T22:28:38,SITE-045,MUZYP1NLDZ,14,female,132.5,no,Normal,9.3073 -5.602329 132 6
2025-10-14T16:29:38,2025-07-30T16:26:38,SITE-010,MUF45LNH8T,38,male,118.7,no,MAM,9.238952 -4.89869 307 6
2025-11-22T04:00:38,2025-08-31T16:02:38,SITE-054,MUK1JV58YI,42,female,138.8,no,Normal,8.862138 -5.879961 227 8
2025-11-02T23:07:38,2025-11-01T18:39:38,SITE-012,MUP38ZLY61,57,female,110.7,no,SAM,6.187197 -5.381478 381 12
2025-10-27T02:28:38,2025-10-21T09:52:38,SITE-009,MUXCB83W8H,28,female,119.6,no,MAM,8.789033 -4.678787 267 5
2025-12-11T19:54:38,2025-09-27T12:16:38,SITE-050,MUNR0MHNZA,51,female,110.9,no,SAM,9.942403 -4.047229 157 5
2025-11-13T15:57:38,2025-08-27T23:09:38,SITE-031,MU7UFS4Q1H,21,female,146.5,no,Normal,9.091127 -5.696356 355 4
2025-09-24T05:23:38,2025-10-14T22:15:38,SITE-007,MU6CKRK0J2,51,male,130.3,no,Normal,6.219783 -6.660533 280 7
2025-09-21T01:41:38,2025-10-04T10:44:38,SITE-038,MU7CDM4CFF,48,female,103.9,no,SAM,6.875282 -7.707314 147 3
2025-08-06T04:16:38,2025-08-09T18:28:38,SITE-037,MU9NULYRPP,41,female,117.9,no,MAM,9.80969 -6.219567 398 3
2025-09-21T06:38:38,2025-10-31T23:43:38,SITE-033,MU2CTPZ5NY,45,female,101.1,no,SAM,7.460623 -7.564576 494 7
2025-11-25T11:16:38,2025-12-02T01:01:38,SITE-017,MUQ6FURXRA,53,female,104.5,no,SAM,8.568191 -6.204028 6 10
2025-09-24T10:22:38,2025-10-03T17:45:38,SITE-040,MULI7TIZ6S,29,female,129.2,no,Normal,9.533825 -8.04893 286 7
2025-10-08T07:41:38,2025-12-06T20:12:38,SITE-030,MUVU8XQM78,19,female,107.4,no,SAM,9.22234 -6.413389 274 10
2025-08-15T01:56:38,2025-08-03T01:06:38,SITE-040,MU015FLSK6,18,female,104.5,no,SAM,9.462894 -5.075941 153 8
2025-10-23T18:53:38,2025-11-25T04:33:38,SITE-043,MUQKNP9G0U,39,male,115.2,no,MAM,8.190258 -7.983219 341 10
2025-11-05T09:23:38,2025-09-23T23:22:38,SITE-001,MUFPPO6GBM,47,male,141.2,no,Normal,9.373331 -8.123128 288 5
2025-09-20T15:51:38,2025-09-22T17:07:38,SITE-019,MULJPKBL2G,32,male,127.8,no,Normal,10.419027 -6.974413 306 3
2025-08-29T02:49:38,2025-11-13T08:02:38,SITE-040,MU7P0BAD6A,30,male,143.5,no,Normal,9.111645 -3.643998 127 4
2025-11-19T20:47:38,2025-08-21T10:39:38,SITE-039,MUIJJ2SVXS,8,male,107.8,no,SAM,10.292419 -3.244596 281 10
2025-12-10T04:16:38,2025-08-30T20:23:38,SITE-009,MUKVVAG3R0,51,female,107.4,no,SAM,8.353386 -4.322849 328 7
2025-12-05T15:21:38,2025-08-05T19:18:38,SITE-036,MUDLAATPD6,55,male,113.0,no,SAM,9.989485 -6.295827 448 7
2025-10-24T15:19:38,2025-09-23T09:32:38,SITE-030,MUXL6HN10E,7,female,105.2,no,SAM,6.492868 -5.46132 8 11
2025-11-11T10:01:38,2025-11-16T08:25:38,SITE-040,MUJBXECCT5,29,male,147.7,no,Normal,10.374214 -4.423536 144 13
2025-08-08T23:39:38,2025-11-27T00:02:38,SITE-047,MUQ6ZMUCZ2,52,female,107.6,no,SAM,7.509263 -7.835664 209 14
2025-09-26T06:42:38,2025-12-05T06:07:38,SITE-002,MUNFQZD8JI,17,female,148.0,no,Normal,9.734161 -5.688997 55 15
2025-09-16T22:42:38,2025-11-22T12:57:38,SITE-040,MUKO4KORXN,24,male,95.5,no,SAM,9.961922 -7.872175 357 10
2025-09-06T05:09:38,2025-11-24T09:44:38,SITE-001,MU74VKQKH1,6,male,121.2,no,MAM,6.1602 -6.268489 291 11
2025-11-17T04:22:38,2025-11-02T23:51:38,SITE-046,MUT0HMEGSZ,7,male,98.3,yes,SAM,7.823972 -6.309342 374 8
2025-12-12T01:05:38,2025-11-26T03:07:38,SITE-014,MUNE0ERV0C,18,female,109.8,no,SAM,8.927557 -7.90455 128 5
2025-09-19T21:14:38,2025-10-30T08:14:38,SITE-040,MUNBRIDGEH,21,female,109.3,no,SAM,8.916635 -4.800129 80 5
2025-10-08T06:51:38,2025-08-18T05:36:38,SITE-045,MUPBNYR789,20,female,109.9,no,SAM,7.260661 -5.678951 373 5
2025-12-03T05:23:38,2025-09-18T23:07:38,SITE-012,MUYDC9IPOW,26,female,124.9,no,MAM,6.77744 -4.577351 497 7
2025-08-02T23:01:38,2025-09-16T11:35:38,SITE-005,MU74L974FH,13,male,117.7,no,MAM,7.474302 -7.426431 442 14
2025-08-23T22:35:38,2025-11-25T16:13:38,SITE-052,MU2KGKCMKB,44,female,106.1,no,SAM,9.347175 -5.855622 494 15
2025-09-21T07:46:38,2025-11-15T09:13:38,SITE-028,MUXRT74P04,37,male,137.1,no,Normal,5.267089 -3.865783 244 10
2025-10-19T02:03:38,2025-08-23T22:23:38,SITE-055,MUXGPGW39U,49,male,106.2,yes,SAM,8.24326 -7.130521 436 5
2025-10-26T10:42:38,2025-10-08T04:54:38,SITE-052,MUQRIVTSIP,36,male,107.4,no,SAM,10.630231 -5.043175 87 13
2025-08-14T12:03:38,2025-08-24T00:01:38,SITE-049,MUWP3CNNQ5,41,female,143.3,no,Normal,10.063541 -5.310534 176 5
2025-08-28T20:33:38,2025-11-14T00:23:38,SITE-041,MUQY8NKU7A,18,female,143.0,no,Normal,10.085297 -6.129789 48 4
2025-11-12T10:19:38,2025-07-30T00:18:38,SITE-023,MUB9N9PUFI,57,male,121.0,no,MAM,10.65021 -5.457665 138 4
2025-08-18T16:42:38,2025-11-29T00:47:38,SITE-002,MUV0YCMSMI,29,female,102.3,no,SAM,5.975768 -6.137076 141 6
2025-12-05T20:31:38,2025-12-09T13:51:38,SITE-024,MUCSRGTFWL,43,female,127.1,no,Normal,7.686932 -6.008422 459 13
2025-11-30T18:16:38,2025-08-24T14:49:38,SITE-008,MUWBIK76VT,43,female,108.8,no,SAM,8.573201 -6.516915 75 12
2025-10-25T10:29:38,2025-11-20T16:35:38,SITE-034,MUA551ZY7L,28,male,107.9,no,SAM,6.742765 -5.702629 328 15
2025-07-30T01:34:38,2025-08-05T20:36:38,SITE-003,MUDKAQIRCN,26,male,121.2,no,MAM,7.856972 -7.89852 245 8
2025-11-21T21:16:38,2025-09-18T19:22:38,SITE-047,MUB56UE7NY,34,male,108.9,no,SAM,10.348442 -3.402828 268 11
2025-08-19T09:19:38,2025-11-08T18:22:38,SITE-048,MUZDKHE7PC,18,male,100.8,no,SAM,5.83681 -8.045429 397 7
2025-11-22T05:08:38,2025-09-12T16:03:38,SITE-017,MUR6UPD7SF,29,male,101.4,no,SAM,9.606831 -5.512621 392 4
2025-08-09T15:20:38,2025-10-17T22:30:38,SITE-052,MUZEHJK0BY,57,male,121.9,no,MAM,10.12598 -6.618198 491 15
2025-10-25T15:59:38,2025-09-28T19:51:38,SITE-004,MUBBQDW6OW,35,male,142.0,no,Normal,6.040449 -7.552239 229 3
2025-09-07T07:45:38,2025-11-10T04:10:38,SITE-038,MUUL9IIIK1,9,female,136.1,no,Normal,5.445022 -5.823431 125 3
2025-08-27T05:06:38,2025-11-23T11:51:38,SITE-020,MU7Q0IMCWP,15,female,105.9,no,SAM,5.304173 -5.191351 167 14
2025-08-31T03:30:38,2025-09-19T00:16:38,SITE-045,MU9CHXKPLK,37,male,142.0,no,Normal,6.2677 -6.442932 152 5
2025-09-25T19:10:38,2025-12-09T19:02:38,SITE-004,MULCFDOLHN,38,male,102.8,no,SAM,8.679293 -7.812624 218 7
